Season,League,Date,Time,Home,Away,HG,AG,Res,AvgCH,AvgCD,AvgCA
2022/2023,Scottish Premiership,30/07/2022,12:00,Livingston,Rangers,1,2,A,8.7,4.93,1.34
2022/2023,Scottish Premiership,30/07/2022,15:00,Hearts,Ross County,2,1,H,1.53,4.12,6.09
2022/2023,Scottish Premiership,30/07/2022,15:00,Kilmarnock,Dundee United,1,1,D,2.4,3.12,3.09
2022/2023,Scottish Premiership,30/07/2022,15:00,St Johnstone,Hibernian,0,1,A,3.31,2.99,2.35
2022/2023,Scottish Premiership,31/07/2022,15:00,St Mirren,Motherwell,0,1,A,2.4,3.07,3.13
2022/2023,Scottish Premiership,31/07/2022,16:30,Celtic,Aberdeen,2,0,H,1.19,6.99,13.16
2022/2023,Scottish Premiership,06/08/2022,15:00,Aberdeen,St Mirren,4,1,H,1.81,3.41,4.67
2022/2023,Scottish Premiership,06/08/2022,15:00,Motherwell,St Johnstone,1,2,A,2.22,3.06,3.51
2022/2023,Scottish Premiership,06/08/2022,15:00,Rangers,Kilmarnock,2,0,H,1.17,7.01,15.31
2022/2023,Scottish Premiership,06/08/2022,15:00,Ross County,Celtic,1,3,A,13.59,6.89,1.19
2022/2023,Scottish Premiership,07/08/2022,12:00,Hibernian,Hearts,1,1,D,2.63,3.14,2.76
2022/2023,Scottish Premiership,07/08/2022,15:00,Dundee United,Livingston,0,1,A,2.47,3.06,3.04
2022/2023,Scottish Premiership,13/08/2022,15:00,Aberdeen,Motherwell,2,3,A,1.71,3.59,5.08
2022/2023,Scottish Premiership,13/08/2022,15:00,Livingston,Hibernian,2,1,H,3.19,3.1,2.36
2022/2023,Scottish Premiership,13/08/2022,15:00,Rangers,St Johnstone,4,0,H,1.15,7.26,18.75
2022/2023,Scottish Premiership,13/08/2022,15:00,St Mirren,Ross County,1,0,H,2.38,3.13,3.12
2022/2023,Scottish Premiership,14/08/2022,12:00,Kilmarnock,Celtic,0,5,A,14.79,7.44,1.17
2022/2023,Scottish Premiership,14/08/2022,15:00,Hearts,Dundee United,4,1,H,1.51,4.13,6.42
2022/2023,Scottish Premiership,20/08/2022,12:30,Hibernian,Rangers,2,2,D,5.68,4.03,1.58
2022/2023,Scottish Premiership,20/08/2022,15:00,Dundee United,St Mirren,0,3,A,2.38,3.08,3.18
2022/2023,Scottish Premiership,20/08/2022,15:00,Motherwell,Livingston,1,0,H,2.41,3.02,3.19
2022/2023,Scottish Premiership,20/08/2022,15:00,Ross County,Kilmarnock,1,0,H,2.25,3.17,3.32
2022/2023,Scottish Premiership,20/08/2022,15:00,St Johnstone,Aberdeen,0,1,A,3.47,3.11,2.22
2022/2023,Scottish Premiership,21/08/2022,15:00,Celtic,Hearts,2,0,H,1.14,8.47,16.13
2022/2023,Scottish Premiership,27/08/2022,15:00,Aberdeen,Livingston,5,0,H,1.81,3.48,4.54
2022/2023,Scottish Premiership,27/08/2022,15:00,Kilmarnock,Motherwell,2,1,H,2.71,3.15,2.67
2022/2023,Scottish Premiership,27/08/2022,15:00,Rangers,Ross County,4,0,H,1.12,8.71,20.74
2022/2023,Scottish Premiership,27/08/2022,15:00,St Mirren,Hibernian,1,0,H,3.3,3.09,2.3
2022/2023,Scottish Premiership,28/08/2022,12:00,Dundee United,Celtic,0,9,A,21.47,9.46,1.11
2022/2023,Scottish Premiership,28/08/2022,15:00,Hearts,St Johnstone,3,2,H,1.82,3.42,4.55
2022/2023,Scottish Premiership,03/09/2022,12:30,Celtic,Rangers,4,0,H,1.77,3.8,4.39
2022/2023,Scottish Premiership,03/09/2022,15:00,Hibernian,Kilmarnock,1,0,H,1.68,3.63,5.33
2022/2023,Scottish Premiership,03/09/2022,15:00,Livingston,Hearts,1,0,H,3.32,3.42,2.14
2022/2023,Scottish Premiership,03/09/2022,15:00,Motherwell,Dundee United,0,0,D,1.96,3.36,3.96
2022/2023,Scottish Premiership,03/09/2022,15:00,Ross County,Aberdeen,1,1,D,3.44,3.2,2.19
2022/2023,Scottish Premiership,03/09/2022,15:00,St Johnstone,St Mirren,3,0,H,2.89,2.95,2.66
2022/2023,Scottish Premiership,17/09/2022,15:00,Hibernian,Aberdeen,3,1,H,2.24,3.25,3.25
2022/2023,Scottish Premiership,17/09/2022,15:00,Livingston,Kilmarnock,1,0,H,2.08,3.19,3.74
2022/2023,Scottish Premiership,17/09/2022,15:00,Rangers,Dundee United,2,1,H,1.13,8.19,18.56
2022/2023,Scottish Premiership,17/09/2022,15:00,St Johnstone,Ross County,0,0,D,2.53,2.96,3.05
2022/2023,Scottish Premiership,18/09/2022,12:00,St Mirren,Celtic,2,0,H,12.75,6.13,1.22
2022/2023,Scottish Premiership,18/09/2022,15:00,Motherwell,Hearts,0,3,A,2.54,3.3,2.74
2022/2023,Scottish Premiership,01/10/2022,12:30,Hearts,Rangers,0,4,A,5.61,4.35,1.53
2022/2023,Scottish Premiership,01/10/2022,15:00,Aberdeen,Kilmarnock,4,1,H,1.7,3.66,5
2022/2023,Scottish Premiership,01/10/2022,15:00,Celtic,Motherwell,2,1,H,1.1,9.92,22.06
2022/2023,Scottish Premiership,01/10/2022,15:00,Dundee United,St Johnstone,1,2,A,2.34,3.01,3.3
2022/2023,Scottish Premiership,01/10/2022,15:00,Ross County,Hibernian,0,2,A,4,3.42,1.93
2022/2023,Scottish Premiership,01/10/2022,15:00,St Mirren,Livingston,2,1,H,2.23,3.08,3.48
2022/2023,Scottish Premiership,04/10/2022,19:45,Ross County,Motherwell,0,5,A,2.97,3.18,2.44
2022/2023,Scottish Premiership,05/10/2022,19:45,Kilmarnock,St Johnstone,2,1,H,2.21,3.16,3.44
2022/2023,Scottish Premiership,08/10/2022,12:30,St Johnstone,Celtic,1,2,A,13.33,6.78,1.2
2022/2023,Scottish Premiership,08/10/2022,15:00,Hibernian,Motherwell,1,0,H,1.75,3.69,4.61
2022/2023,Scottish Premiership,08/10/2022,15:00,Livingston,Ross County,0,1,A,1.92,3.31,4.24
2022/2023,Scottish Premiership,08/10/2022,15:00,Rangers,St Mirren,4,0,H,1.2,6.54,13.67
2022/2023,Scottish Premiership,08/10/2022,18:00,Dundee United,Aberdeen,4,0,H,3.83,3.46,1.95
2022/2023,Scottish Premiership,09/10/2022,15:00,Kilmarnock,Hearts,2,2,D,3.38,3.5,2.09
2022/2023,Scottish Premiership,11/10/2022,19:45,Dundee United,Hibernian,1,0,H,4.12,3.62,1.85
2022/2023,Scottish Premiership,15/10/2022,15:00,Celtic,Hibernian,6,1,H,1.34,5.09,8.6
2022/2023,Scottish Premiership,15/10/2022,15:00,Livingston,St Johnstone,1,0,H,1.93,3.2,4.35
2022/2023,Scottish Premiership,15/10/2022,15:00,Ross County,Dundee United,1,1,D,2.82,3.17,2.55
2022/2023,Scottish Premiership,15/10/2022,15:00,St Mirren,Kilmarnock,0,0,D,1.89,3.31,4.37
2022/2023,Scottish Premiership,16/10/2022,12:00,Motherwell,Rangers,1,2,A,6.65,4.37,1.47
2022/2023,Scottish Premiership,16/10/2022,15:00,Aberdeen,Hearts,2,0,H,2.09,3.46,3.43
2022/2023,Scottish Premiership,21/10/2022,19:30,Hibernian,St Johnstone,1,2,A,1.58,3.83,6.03
2022/2023,Scottish Premiership,22/10/2022,12:30,Hearts,Celtic,3,4,A,8.35,5.65,1.31
2022/2023,Scottish Premiership,22/10/2022,15:00,Kilmarnock,Ross County,1,0,H,1.93,3.28,4.22
2022/2023,Scottish Premiership,22/10/2022,15:00,Motherwell,Aberdeen,1,2,A,2.54,3.23,2.8
2022/2023,Scottish Premiership,22/10/2022,15:00,Rangers,Livingston,1,1,D,1.22,6.17,12.4
2022/2023,Scottish Premiership,22/10/2022,15:00,St Mirren,Dundee United,2,1,H,2.04,3.33,3.72
2022/2023,Scottish Premiership,29/10/2022,15:00,Dundee United,Motherwell,0,1,A,2.92,3.17,2.49
2022/2023,Scottish Premiership,29/10/2022,15:00,Hibernian,St Mirren,3,0,H,1.83,3.57,4.26
2022/2023,Scottish Premiership,29/10/2022,15:00,Rangers,Aberdeen,4,1,H,1.35,5.18,7.67
2022/2023,Scottish Premiership,29/10/2022,15:00,St Johnstone,Kilmarnock,1,0,H,2.37,2.97,3.31
2022/2023,Scottish Premiership,30/10/2022,12:00,Livingston,Celtic,0,3,A,12.09,6.03,1.23
2022/2023,Scottish Premiership,30/10/2022,15:00,Ross County,Hearts,1,2,A,3.26,3.34,2.2
2022/2023,Scottish Premiership,04/11/2022,19:30,Aberdeen,Hibernian,4,1,H,2.45,3.26,2.9
2022/2023,Scottish Premiership,04/11/2022,19:45,Kilmarnock,Livingston,2,3,A,2.44,2.99,3.16
2022/2023,Scottish Premiership,05/11/2022,15:00,Celtic,Dundee United,4,2,H,1.08,11.23,25.08
2022/2023,Scottish Premiership,05/11/2022,15:00,Ross County,St Mirren,3,2,H,3.28,3.11,2.31
2022/2023,Scottish Premiership,06/11/2022,12:00,St Johnstone,Rangers,2,1,H,9.8,5.42,1.3
2022/2023,Scottish Premiership,06/11/2022,15:00,Hearts,Motherwell,3,2,H,2.15,3.48,3.27
2022/2023,Scottish Premiership,08/11/2022,19:45,Hibernian,Ross County,0,2,A,1.4,4.49,8.03
2022/2023,Scottish Premiership,08/11/2022,19:45,Livingston,Aberdeen,2,1,H,2.5,3.26,2.84
2022/2023,Scottish Premiership,09/11/2022,19:45,Dundee United,Kilmarnock,4,0,H,2.14,3.25,3.51
2022/2023,Scottish Premiership,09/11/2022,19:45,Motherwell,Celtic,1,2,A,10.6,6.38,1.24
2022/2023,Scottish Premiership,09/11/2022,19:45,Rangers,Hearts,1,0,H,1.19,7.21,12.07
2022/2023,Scottish Premiership,09/11/2022,19:45,St Mirren,St Johnstone,2,2,D,2.14,3.16,3.62
2022/2023,Scottish Premiership,12/11/2022,12:30,St Mirren,Rangers,1,1,D,7.63,4.75,1.39
2022/2023,Scottish Premiership,12/11/2022,15:00,Celtic,Ross County,2,1,H,1.06,12.19,29.2
2022/2023,Scottish Premiership,12/11/2022,15:00,Hearts,Livingston,1,1,D,1.82,3.63,4.23
2022/2023,Scottish Premiership,12/11/2022,15:00,Kilmarnock,Hibernian,1,0,H,3.58,3.33,2.08
2022/2023,Scottish Premiership,12/11/2022,15:00,St Johnstone,Motherwell,1,1,D,2.74,3.11,2.67
2022/2023,Scottish Premiership,12/11/2022,18:00,Aberdeen,Dundee United,1,0,H,1.78,3.76,4.35
2022/2023,Scottish Premiership,15/12/2022,20:00,Rangers,Hibernian,3,2,H,1.33,5.19,8.54
2022/2023,Scottish Premiership,17/12/2022,12:30,Aberdeen,Celtic,0,1,A,8.48,5.58,1.31
2022/2023,Scottish Premiership,17/12/2022,15:00,Hearts,Kilmarnock,3,1,H,1.67,3.87,4.96
2022/2023,Scottish Premiership,17/12/2022,15:00,Ross County,St Johnstone,1,2,A,2.46,3.03,3.07
2022/2023,Scottish Premiership,20/12/2022,20:00,Aberdeen,Rangers,2,3,A,6.04,4.33,1.51
2022/2023,Scottish Premiership,21/12/2022,19:45,Celtic,Livingston,2,1,H,1.09,10.02,22.91
2022/2023,Scottish Premiership,23/12/2022,19:30,Ross County,Rangers,0,1,A,10.84,5.8,1.26
2022/2023,Scottish Premiership,23/12/2022,19:45,Motherwell,Kilmarnock,2,2,D,1.96,3.41,3.87
2022/2023,Scottish Premiership,24/12/2022,12:30,Celtic,St Johnstone,4,1,H,1.08,10.84,24.66
2022/2023,Scottish Premiership,24/12/2022,12:30,St Mirren,Aberdeen,3,1,H,2.61,3.18,2.77
2022/2023,Scottish Premiership,24/12/2022,14:00,Dundee United,Hearts,2,2,D,3.2,3.55,2.14
2022/2023,Scottish Premiership,24/12/2022,14:00,Hibernian,Livingston,4,0,H,1.69,3.8,4.87
2022/2023,Scottish Premiership,28/12/2022,19:45,Dundee United,Ross County,3,0,H,1.92,3.4,4.1
2022/2023,Scottish Premiership,28/12/2022,19:45,Kilmarnock,Aberdeen,2,1,H,3.03,3.39,2.3
2022/2023,Scottish Premiership,28/12/2022,19:45,Livingston,St Mirren,1,1,D,2.74,3.18,2.62
2022/2023,Scottish Premiership,28/12/2022,19:45,Rangers,Motherwell,3,0,H,1.18,7.22,14.37
2022/2023,Scottish Premiership,28/12/2022,19:45,St Johnstone,Hearts,2,3,A,3.09,3.47,2.23
2022/2023,Scottish Premiership,28/12/2022,20:00,Hibernian,Celtic,0,4,A,8.57,5.72,1.3
2022/2023,Scottish Premiership,02/01/2023,12:30,Rangers,Celtic,2,2,D,2.99,3.59,2.26
2022/2023,Scottish Premiership,02/01/2023,15:00,Aberdeen,Ross County,0,0,D,1.55,4.1,5.87
2022/2023,Scottish Premiership,02/01/2023,15:00,Hearts,Hibernian,3,0,H,2.24,3.55,3.02
2022/2023,Scottish Premiership,02/01/2023,15:00,Kilmarnock,St Mirren,0,0,D,2.68,3.14,2.71
2022/2023,Scottish Premiership,02/01/2023,15:00,Livingston,Motherwell,1,1,D,2.86,3.25,2.48
2022/2023,Scottish Premiership,02/01/2023,15:00,St Johnstone,Dundee United,0,1,A,2.36,3.24,3.05
2022/2023,Scottish Premiership,07/01/2023,15:00,Aberdeen,St Johnstone,2,0,H,1.67,3.74,5.2
2022/2023,Scottish Premiership,07/01/2023,15:00,Celtic,Kilmarnock,2,0,H,1.08,10.84,25.88
2022/2023,Scottish Premiership,07/01/2023,15:00,Ross County,Livingston,0,2,A,2.7,2.99,2.82
2022/2023,Scottish Premiership,07/01/2023,15:00,St Mirren,Hearts,1,1,D,2.67,3.44,2.54
2022/2023,Scottish Premiership,08/01/2023,13:30,Motherwell,Hibernian,2,3,A,2.83,3.26,2.5
2022/2023,Scottish Premiership,08/01/2023,16:00,Dundee United,Rangers,0,2,A,9.76,5.39,1.3
2022/2023,Scottish Premiership,13/01/2023,19:45,Hearts,St Mirren,1,0,H,1.68,3.81,4.98
2022/2023,Scottish Premiership,14/01/2023,15:00,Hibernian,Dundee United,2,2,D,1.73,3.7,4.76
2022/2023,Scottish Premiership,14/01/2023,15:00,Motherwell,Ross County,1,1,D,1.77,3.56,4.67
2022/2023,Scottish Premiership,14/01/2023,15:00,St Johnstone,Livingston,2,4,A,2.41,3,3.21
2022/2023,Scottish Premiership,18/01/2023,19:45,Celtic,St Mirren,4,0,H,1.13,8.5,17.79
2022/2023,Scottish Premiership,18/01/2023,19:45,Hearts,Aberdeen,5,0,H,2.1,3.53,3.34
2022/2023,Scottish Premiership,18/01/2023,20:00,Kilmarnock,Rangers,2,3,A,9.46,5.19,1.31
2022/2023,Scottish Premiership,28/01/2023,15:00,Hibernian,Aberdeen,6,0,H,2.31,3.46,2.95
2022/2023,Scottish Premiership,28/01/2023,15:00,Rangers,St Johnstone,2,0,H,1.13,8.18,19.87
2022/2023,Scottish Premiership,28/01/2023,15:00,Ross County,Kilmarnock,3,0,H,2.76,3.04,2.71
2022/2023,Scottish Premiership,28/01/2023,15:00,St Mirren,Motherwell,1,0,H,2.4,3.07,3.15
2022/2023,Scottish Premiership,29/01/2023,13:30,Livingston,Hearts,0,0,D,2.95,3.4,2.34
2022/2023,Scottish Premiership,29/01/2023,16:00,Dundee United,Celtic,0,2,A,12.57,6.7,1.2
2022/2023,Scottish Premiership,31/01/2023,19:45,Ross County,Hibernian,1,1,D,3.7,3.36,2.03
2022/2023,Scottish Premiership,01/02/2023,19:45,Aberdeen,St Mirren,1,3,A,2.05,3.32,3.71
2022/2023,Scottish Premiership,01/02/2023,19:45,Celtic,Livingston,3,0,H,1.12,9.04,19.88
2022/2023,Scottish Premiership,01/02/2023,19:45,Hearts,Rangers,0,3,A,5.8,4.46,1.5
2022/2023,Scottish Premiership,01/02/2023,19:45,Kilmarnock,Dundee United,1,0,H,2.25,3.15,3.35
2022/2023,Scottish Premiership,01/02/2023,19:45,Motherwell,St Johnstone,0,2,A,1.93,3.33,4.14
2022/2023,Scottish Premiership,04/02/2023,15:00,Aberdeen,Motherwell,3,1,H,1.86,3.58,4.1
2022/2023,Scottish Premiership,04/02/2023,15:00,Hearts,Dundee United,3,1,H,1.68,3.88,4.84
2022/2023,Scottish Premiership,04/02/2023,15:00,Livingston,Kilmarnock,3,1,H,2.34,3.1,3.23
2022/2023,Scottish Premiership,04/02/2023,15:00,Rangers,Ross County,2,1,H,1.11,9.15,21.51
2022/2023,Scottish Premiership,04/02/2023,15:00,St Mirren,Hibernian,0,1,A,2.5,3.16,2.91
2022/2023,Scottish Premiership,05/02/2023,12:00,St Johnstone,Celtic,1,4,A,15.44,7.04,1.18
2022/2023,Scottish Premiership,15/02/2023,19:45,Motherwell,St Mirren,2,1,H,3.02,3.04,2.52
2022/2023,Scottish Premiership,18/02/2023,15:00,Celtic,Aberdeen,4,0,H,1.15,7.96,16.75
2022/2023,Scottish Premiership,18/02/2023,15:00,Dundee United,St Johnstone,1,2,A,2.41,3.09,3.13
2022/2023,Scottish Premiership,18/02/2023,15:00,Hibernian,Kilmarnock,2,0,H,1.9,3.48,4.07
2022/2023,Scottish Premiership,18/02/2023,15:00,Livingston,Rangers,0,3,A,8.65,4.99,1.35
2022/2023,Scottish Premiership,18/02/2023,15:00,St Mirren,Ross County,1,0,H,2.11,3.1,3.8
2022/2023,Scottish Premiership,19/02/2023,12:00,Motherwell,Hearts,2,0,H,3.22,3.46,2.18
2022/2023,Scottish Premiership,25/02/2023,15:00,Aberdeen,Livingston,1,0,H,2,3.26,3.99
2022/2023,Scottish Premiership,25/02/2023,15:00,Kilmarnock,Motherwell,1,1,D,2.23,3.16,3.41
2022/2023,Scottish Premiership,25/02/2023,15:00,Ross County,Dundee United,4,0,H,2.49,3.13,2.96
2022/2023,Scottish Premiership,25/02/2023,15:00,St Johnstone,St Mirren,1,1,D,2.62,2.89,3.01
2022/2023,Scottish Premiership,04/03/2023,15:00,Hearts,St Johnstone,3,0,H,1.69,3.8,4.9
2022/2023,Scottish Premiership,04/03/2023,15:00,Livingston,Hibernian,1,4,A,3.09,3.05,2.46
2022/2023,Scottish Premiership,04/03/2023,15:00,Rangers,Kilmarnock,3,1,H,1.19,6.84,14.4
2022/2023,Scottish Premiership,04/03/2023,15:00,Ross County,Motherwell,0,2,A,2.56,3.02,2.95
2022/2023,Scottish Premiership,04/03/2023,18:00,Dundee United,Aberdeen,1,3,A,2.93,3.22,2.45
2022/2023,Scottish Premiership,05/03/2023,12:00,St Mirren,Celtic,1,5,A,11.03,6.07,1.24
2022/2023,Scottish Premiership,08/03/2023,19:45,Celtic,Hearts,3,1,H,1.12,9.1,18.79
2022/2023,Scottish Premiership,08/03/2023,19:45,Hibernian,Rangers,1,4,A,5.47,4.07,1.59
2022/2023,Scottish Premiership,08/03/2023,19:45,Livingston,Dundee United,1,1,D,2.31,3.15,3.24
2022/2023,Scottish Premiership,18/03/2023,12:30,Motherwell,Rangers,2,4,A,9.97,5.49,1.29
2022/2023,Scottish Premiership,18/03/2023,15:00,Aberdeen,Hearts,3,0,H,2.23,3.44,3.12
2022/2023,Scottish Premiership,18/03/2023,15:00,Celtic,Hibernian,3,1,H,1.11,9.41,21.47
2022/2023,Scottish Premiership,18/03/2023,15:00,Dundee United,St Mirren,1,1,D,2.69,3.15,2.69
2022/2023,Scottish Premiership,18/03/2023,15:00,Kilmarnock,St Johnstone,1,1,D,2.15,3.19,3.58
2022/2023,Scottish Premiership,18/03/2023,15:00,Livingston,Ross County,2,1,H,2.13,3.19,3.59
2022/2023,Scottish Premiership,01/04/2023,15:00,Hibernian,Motherwell,1,3,A,1.84,3.49,4.32
2022/2023,Scottish Premiership,01/04/2023,15:00,Kilmarnock,Hearts,2,1,H,2.61,3.36,2.64
2022/2023,Scottish Premiership,01/04/2023,15:00,Rangers,Dundee United,2,0,H,1.1,9.46,22.62
2022/2023,Scottish Premiership,01/04/2023,15:00,St Johnstone,Aberdeen,0,1,A,3.27,3.17,2.28
2022/2023,Scottish Premiership,01/04/2023,15:00,St Mirren,Livingston,3,0,H,2.1,3.1,3.83
2022/2023,Scottish Premiership,02/04/2023,12:00,Ross County,Celtic,0,2,A,16.24,8.04,1.15
2022/2023,Scottish Premiership,08/04/2023,12:30,Celtic,Rangers,3,2,H,1.69,4.03,4.51
2022/2023,Scottish Premiership,08/04/2023,15:00,Aberdeen,Kilmarnock,2,0,H,1.91,3.4,4.21
2022/2023,Scottish Premiership,08/04/2023,15:00,Hearts,St Mirren,0,2,A,2.19,3.36,3.28
2022/2023,Scottish Premiership,08/04/2023,15:00,Motherwell,Livingston,3,0,H,2.22,3.18,3.39
2022/2023,Scottish Premiership,08/04/2023,15:00,St Johnstone,Ross County,0,2,A,2.36,3.12,3.16
2022/2023,Scottish Premiership,09/04/2023,12:00,Dundee United,Hibernian,2,1,H,3.23,3.4,2.19
2022/2023,Scottish Premiership,14/04/2023,19:45,Ross County,Aberdeen,0,1,A,3.41,3.37,2.14
2022/2023,Scottish Premiership,15/04/2023,12:30,Hibernian,Hearts,1,0,H,2.3,3.42,3.03
2022/2023,Scottish Premiership,15/04/2023,15:00,Livingston,St Johnstone,2,0,H,2.14,3.19,3.63
2022/2023,Scottish Premiership,15/04/2023,15:00,Motherwell,Dundee United,1,2,A,1.95,3.39,4.01
2022/2023,Scottish Premiership,15/04/2023,15:00,Rangers,St Mirren,5,2,H,1.23,6.22,12.89
2022/2023,Scottish Premiership,16/04/2023,12:00,Kilmarnock,Celtic,1,4,A,12.1,6.41,1.22
2022/2023,Scottish Premiership,22/04/2023,12:30,Hearts,Ross County,6,1,H,1.71,3.91,4.63
2022/2023,Scottish Premiership,22/04/2023,15:00,Celtic,Motherwell,1,1,D,1.1,9.91,20.83
2022/2023,Scottish Premiership,22/04/2023,15:00,Dundee United,Livingston,2,0,H,2.62,3.22,2.75
2022/2023,Scottish Premiership,22/04/2023,15:00,St Johnstone,Hibernian,1,1,D,3.61,3.36,2.07
2022/2023,Scottish Premiership,22/04/2023,15:00,St Mirren,Kilmarnock,0,2,A,2.21,3.11,3.53
2022/2023,Scottish Premiership,23/04/2023,16:30,Aberdeen,Rangers,2,0,H,5.6,4.28,1.55
2022/2023,Scottish Premiership,06/05/2023,15:00,Hibernian,St Mirren,2,1,H,2.03,3.34,3.76
2022/2023,Scottish Premiership,06/05/2023,15:00,Motherwell,Kilmarnock,2,0,H,2.25,3.37,3.17
2022/2023,Scottish Premiership,06/05/2023,15:00,Ross County,Livingston,2,0,H,2.16,3.3,3.45
2022/2023,Scottish Premiership,06/05/2023,15:00,St Johnstone,Dundee United,1,0,H,2.4,3.13,3.13
2022/2023,Scottish Premiership,07/05/2023,14:15,Hearts,Celtic,0,2,A,9.05,5.93,1.29
2022/2023,Scottish Premiership,07/05/2023,15:00,Rangers,Aberdeen,1,0,H,1.34,5.37,7.96
2022/2023,Scottish Premiership,13/05/2023,12:30,Rangers,Celtic,3,0,H,2.6,3.62,2.53
2022/2023,Scottish Premiership,13/05/2023,15:00,Aberdeen,Hibernian,0,0,D,2.1,3.45,3.43
2022/2023,Scottish Premiership,13/05/2023,15:00,Dundee United,Ross County,1,3,A,2.24,3.35,3.21
2022/2023,Scottish Premiership,13/05/2023,15:00,Kilmarnock,Livingston,2,0,H,1.81,3.51,4.54
2022/2023,Scottish Premiership,13/05/2023,15:00,St Johnstone,Motherwell,0,2,A,2.85,3.05,2.64
2022/2023,Scottish Premiership,13/05/2023,15:00,St Mirren,Hearts,2,2,D,2.79,3.27,2.55
2022/2023,Scottish Premiership,20/05/2023,12:30,Hearts,Aberdeen,2,1,H,1.98,3.7,3.57
2022/2023,Scottish Premiership,20/05/2023,15:00,Celtic,St Mirren,2,2,D,1.15,8.07,16.22
2022/2023,Scottish Premiership,20/05/2023,15:00,Kilmarnock,St Johnstone,0,1,A,1.97,3.32,4.07
2022/2023,Scottish Premiership,20/05/2023,15:00,Livingston,Dundee United,2,1,H,2.58,3.23,2.79
2022/2023,Scottish Premiership,20/05/2023,15:00,Motherwell,Ross County,1,0,H,1.97,3.52,3.76
2022/2023,Scottish Premiership,21/05/2023,12:00,Hibernian,Rangers,1,3,A,4.21,3.94,1.77
2022/2023,Scottish Premiership,24/05/2023,19:45,Aberdeen,St Mirren,3,0,H,1.83,3.55,4.32
2022/2023,Scottish Premiership,24/05/2023,19:45,Dundee United,Kilmarnock,0,3,A,2.48,3.21,2.9
2022/2023,Scottish Premiership,24/05/2023,19:45,Hibernian,Celtic,4,2,H,4.74,4.07,1.66
2022/2023,Scottish Premiership,24/05/2023,19:45,Livingston,Motherwell,1,1,D,3.22,3.25,2.27
2022/2023,Scottish Premiership,24/05/2023,19:45,Rangers,Hearts,2,2,D,1.37,5.19,7.54
2022/2023,Scottish Premiership,24/05/2023,19:45,Ross County,St Johnstone,3,3,D,1.95,3.38,4.02
2022/2023,Scottish Premiership,27/05/2023,12:30,Celtic,Aberdeen,5,0,H,1.17,7.95,12.97
2022/2023,Scottish Premiership,27/05/2023,12:30,Hearts,Hibernian,1,1,D,2.17,3.56,3.18
2022/2023,Scottish Premiership,27/05/2023,12:30,St Mirren,Rangers,0,3,A,7.86,5,1.37
2022/2023,Scottish Premiership,28/05/2023,15:00,Kilmarnock,Ross County,3,1,H,1.92,3.5,3.97
2022/2023,Scottish Premiership,28/05/2023,15:00,Motherwell,Dundee United,3,2,H,1.77,3.9,4.28
2022/2023,Scottish Premiership,28/05/2023,15:00,St Johnstone,Livingston,2,0,H,2,3.29,3.94
2023/2024,Scottish Premiership,05/08/2023,12:30,Celtic,Ross County,4,2,H,1.07,12.96,25.73
2023/2024,Scottish Premiership,05/08/2023,15:00,Dundee,Motherwell,1,1,D,2.31,3.22,3.18
2023/2024,Scottish Premiership,05/08/2023,15:00,Livingston,Aberdeen,0,0,D,2.8,3.18,2.59
2023/2024,Scottish Premiership,05/08/2023,15:00,St Johnstone,Hearts,0,2,A,3.48,3.35,2.11
2023/2024,Scottish Premiership,05/08/2023,17:15,Kilmarnock,Rangers,1,0,H,7.82,4.88,1.38
2023/2024,Scottish Premiership,06/08/2023,15:00,Hibernian,St Mirren,2,3,A,2.02,3.37,3.76
2023/2024,Scottish Premiership,12/08/2023,15:00,Rangers,Livingston,4,0,H,1.16,7.67,14.85
2023/2024,Scottish Premiership,12/08/2023,15:00,Ross County,St Johnstone,2,0,H,1.89,3.43,4.21
2023/2024,Scottish Premiership,12/08/2023,15:00,St Mirren,Dundee,2,1,H,2.26,3.21,3.27
2023/2024,Scottish Premiership,13/08/2023,12:00,Aberdeen,Celtic,1,3,A,9.76,5.89,1.27
2023/2024,Scottish Premiership,13/08/2023,15:00,Hearts,Kilmarnock,0,0,D,1.88,3.55,4.06
2023/2024,Scottish Premiership,13/08/2023,15:00,Motherwell,Hibernian,2,1,H,2.71,3.24,2.63
2023/2024,Scottish Premiership,26/08/2023,12:30,Ross County,Rangers,0,2,A,9.9,5.87,1.27
2023/2024,Scottish Premiership,26/08/2023,15:00,Celtic,St Johnstone,0,0,D,1.06,12.87,28.03
2023/2024,Scottish Premiership,26/08/2023,15:00,Hibernian,Livingston,2,3,A,1.8,3.63,4.41
2023/2024,Scottish Premiership,26/08/2023,15:00,Motherwell,Kilmarnock,2,1,H,2.63,3.14,2.79
2023/2024,Scottish Premiership,27/08/2023,15:00,Dundee,Hearts,1,0,H,2.84,3.39,2.43
2023/2024,Scottish Premiership,27/08/2023,15:00,St Mirren,Aberdeen,2,2,D,2.44,3.11,3.06
2023/2024,Scottish Premiership,02/09/2023,15:00,Kilmarnock,Ross County,0,1,A,1.84,3.47,4.38
2023/2024,Scottish Premiership,02/09/2023,15:00,Livingston,St Mirren,1,1,D,2.96,3.01,2.56
2023/2024,Scottish Premiership,02/09/2023,15:00,St Johnstone,Dundee,2,2,D,3.03,3.16,2.41
2023/2024,Scottish Premiership,03/09/2023,12:00,Rangers,Celtic,0,1,A,2.2,3.75,2.96
2023/2024,Scottish Premiership,03/09/2023,15:00,Aberdeen,Hibernian,0,2,A,2.34,3.39,2.98
2023/2024,Scottish Premiership,03/09/2023,15:00,Hearts,Motherwell,0,1,A,1.75,3.76,4.55
2023/2024,Scottish Premiership,16/09/2023,12:30,St Johnstone,Rangers,0,2,A,11.73,6.1,1.23
2023/2024,Scottish Premiership,16/09/2023,15:00,Celtic,Dundee,3,0,H,1.19,7.2,12.17
2023/2024,Scottish Premiership,16/09/2023,15:00,Hearts,Aberdeen,2,0,H,2.08,3.58,3.35
2023/2024,Scottish Premiership,16/09/2023,15:00,Kilmarnock,Hibernian,2,2,D,2.56,3.16,2.84
2023/2024,Scottish Premiership,16/09/2023,15:00,Motherwell,St Mirren,0,1,A,2.72,3.1,2.72
2023/2024,Scottish Premiership,16/09/2023,15:00,Ross County,Livingston,1,1,D,2.2,3.2,3.42
2023/2024,Scottish Premiership,23/09/2023,12:30,Livingston,Celtic,0,3,A,10.13,5.74,1.27
2023/2024,Scottish Premiership,23/09/2023,15:00,Dundee,Kilmarnock,2,2,D,2.44,3.22,2.94
2023/2024,Scottish Premiership,23/09/2023,15:00,Hibernian,St Johnstone,2,0,H,1.57,4.04,5.68
2023/2024,Scottish Premiership,23/09/2023,15:00,St Mirren,Hearts,1,0,H,2.79,3.13,2.62
2023/2024,Scottish Premiership,24/09/2023,15:00,Aberdeen,Ross County,4,0,H,1.88,3.57,4.03
2023/2024,Scottish Premiership,24/09/2023,15:00,Rangers,Motherwell,1,0,H,1.21,6.63,12.25
2023/2024,Scottish Premiership,30/09/2023,12:30,Motherwell,Celtic,1,2,A,7.49,4.98,1.39
2023/2024,Scottish Premiership,30/09/2023,15:00,Hibernian,Dundee,0,0,D,1.63,4.05,5.16
2023/2024,Scottish Premiership,30/09/2023,15:00,Kilmarnock,St Mirren,1,1,D,2.21,3.23,3.38
2023/2024,Scottish Premiership,30/09/2023,15:00,Rangers,Aberdeen,1,3,A,1.33,5.33,8.64
2023/2024,Scottish Premiership,30/09/2023,15:00,Ross County,Hearts,0,1,A,3.12,3.31,2.3
2023/2024,Scottish Premiership,30/09/2023,15:00,St Johnstone,Livingston,1,1,D,2.46,3.03,3.12
2023/2024,Scottish Premiership,07/10/2023,15:00,Celtic,Kilmarnock,3,1,H,1.21,6.76,12.35
2023/2024,Scottish Premiership,07/10/2023,15:00,Hearts,Hibernian,2,2,D,2.42,3.38,2.86
2023/2024,Scottish Premiership,07/10/2023,15:00,Livingston,Motherwell,2,0,H,2.96,3.15,2.47
2023/2024,Scottish Premiership,08/10/2023,12:00,St Mirren,Rangers,0,3,A,5.44,4.02,1.59
2023/2024,Scottish Premiership,08/10/2023,15:00,Aberdeen,St Johnstone,0,0,D,1.47,4.24,6.78
2023/2024,Scottish Premiership,21/10/2023,15:00,Kilmarnock,Livingston,3,1,H,1.92,3.4,4.15
2023/2024,Scottish Premiership,21/10/2023,15:00,Rangers,Hibernian,4,0,H,1.38,5.01,7.43
2023/2024,Scottish Premiership,22/10/2023,14:15,Hearts,Celtic,1,4,A,6.03,4.72,1.47
2023/2024,Scottish Premiership,24/10/2023,19:45,Dundee,Ross County,0,0,D,2.15,3.42,3.33
2023/2024,Scottish Premiership,28/10/2023,15:00,Hibernian,Celtic,0,0,D,6.04,4.69,1.48
2023/2024,Scottish Premiership,28/10/2023,15:00,Livingston,Dundee,0,2,A,2.52,3.19,2.89
2023/2024,Scottish Premiership,28/10/2023,15:00,Motherwell,Ross County,3,3,D,1.88,3.57,4.06
2023/2024,Scottish Premiership,28/10/2023,15:00,St Mirren,St Johnstone,4,0,H,1.76,3.42,5.06
2023/2024,Scottish Premiership,29/10/2023,12:00,Kilmarnock,Aberdeen,2,0,H,2.47,3.23,2.92
2023/2024,Scottish Premiership,29/10/2023,15:00,Rangers,Hearts,2,1,H,1.26,5.86,10.24
2023/2024,Scottish Premiership,31/10/2023,19:45,Hibernian,Ross County,2,2,D,1.71,3.87,4.68
2023/2024,Scottish Premiership,01/11/2023,19:45,Celtic,St Mirren,2,1,H,1.2,6.65,13.03
2023/2024,Scottish Premiership,01/11/2023,19:45,Dundee,Rangers,0,5,A,7.15,4.55,1.43
2023/2024,Scottish Premiership,01/11/2023,19:45,Hearts,Livingston,1,0,H,1.48,4.28,6.63
2023/2024,Scottish Premiership,01/11/2023,19:45,Motherwell,Aberdeen,2,4,A,2.5,3.22,2.88
2023/2024,Scottish Premiership,01/11/2023,19:45,St Johnstone,Kilmarnock,2,1,H,3.57,3.18,2.16
2023/2024,Scottish Premiership,04/11/2023,12:30,Ross County,Celtic,0,3,A,9,5.37,1.31
2023/2024,Scottish Premiership,04/11/2023,15:00,Kilmarnock,Motherwell,1,0,H,1.97,3.39,3.89
2023/2024,Scottish Premiership,05/11/2023,14:00,Dundee,Livingston,1,0,H,1.83,3.5,4.43
2023/2024,Scottish Premiership,07/11/2023,19:45,St Johnstone,Motherwell,2,2,D,2.73,3.08,2.72
2023/2024,Scottish Premiership,08/11/2023,19:45,St Mirren,Hibernian,2,2,D,2.32,3.21,3.17
2023/2024,Scottish Premiership,11/11/2023,15:00,Dundee,St Mirren,4,0,H,2.59,3.14,2.82
2023/2024,Scottish Premiership,11/11/2023,15:00,Hibernian,Kilmarnock,1,0,H,2.13,3.42,3.36
2023/2024,Scottish Premiership,11/11/2023,15:00,Motherwell,Hearts,1,2,A,3,3.35,2.34
2023/2024,Scottish Premiership,11/11/2023,15:00,St Johnstone,Ross County,1,0,H,2.51,3.14,2.91
2023/2024,Scottish Premiership,12/11/2023,12:00,Livingston,Rangers,0,2,A,12.06,5.89,1.24
2023/2024,Scottish Premiership,12/11/2023,14:30,Celtic,Aberdeen,6,0,H,1.23,6.26,11.35
2023/2024,Scottish Premiership,25/11/2023,15:00,Celtic,Motherwell,1,1,D,1.14,8.25,17
2023/2024,Scottish Premiership,25/11/2023,15:00,Dundee,Hibernian,1,2,A,2.89,3.27,2.45
2023/2024,Scottish Premiership,25/11/2023,15:00,Hearts,St Johnstone,1,0,H,1.47,4.28,6.96
2023/2024,Scottish Premiership,25/11/2023,15:00,Ross County,Kilmarnock,0,0,D,2.95,3.09,2.52
2023/2024,Scottish Premiership,25/11/2023,15:00,St Mirren,Livingston,1,0,H,1.89,3.3,4.4
2023/2024,Scottish Premiership,26/11/2023,12:00,Aberdeen,Rangers,1,1,D,7.11,4.54,1.44
2023/2024,Scottish Premiership,28/11/2023,19:45,Ross County,St Mirren,1,0,H,2.51,3,3.05
2023/2024,Scottish Premiership,02/12/2023,15:00,Kilmarnock,Hearts,0,1,A,2.66,3.22,2.69
2023/2024,Scottish Premiership,02/12/2023,15:00,Motherwell,Dundee,3,3,D,2.25,3.28,3.24
2023/2024,Scottish Premiership,03/12/2023,12:00,St Johnstone,Celtic,1,3,A,12.84,6.51,1.21
2023/2024,Scottish Premiership,03/12/2023,15:00,Hibernian,Aberdeen,2,0,H,2.24,3.44,3.11
2023/2024,Scottish Premiership,03/12/2023,15:00,Rangers,St Mirren,2,0,H,1.16,7.31,16.77
2023/2024,Scottish Premiership,05/12/2023,19:45,Ross County,Motherwell,3,0,H,2.22,3.12,3.46
2023/2024,Scottish Premiership,06/12/2023,19:45,Aberdeen,Kilmarnock,0,1,A,2.08,3.32,3.62
2023/2024,Scottish Premiership,06/12/2023,19:45,Celtic,Hibernian,4,1,H,1.21,6.64,11.9
2023/2024,Scottish Premiership,06/12/2023,19:45,St Johnstone,St Mirren,1,0,H,2.95,2.94,2.64
2023/2024,Scottish Premiership,06/12/2023,20:00,Hearts,Rangers,0,1,A,6.39,4.37,1.49
2023/2024,Scottish Premiership,09/12/2023,15:00,Aberdeen,Hearts,2,1,H,2.38,3.39,2.9
2023/2024,Scottish Premiership,09/12/2023,15:00,Livingston,Hibernian,0,1,A,3.75,3.37,2.01
2023/2024,Scottish Premiership,09/12/2023,15:00,Motherwell,St Johnstone,1,1,D,2.25,3.21,3.28
2023/2024,Scottish Premiership,09/12/2023,15:00,Rangers,Dundee,3,1,H,1.11,9.11,21.19
2023/2024,Scottish Premiership,09/12/2023,15:00,St Mirren,Ross County,2,0,H,2.18,3.11,3.56
2023/2024,Scottish Premiership,10/12/2023,12:00,Kilmarnock,Celtic,2,1,H,7.46,5.07,1.37
2023/2024,Scottish Premiership,16/12/2023,15:00,Celtic,Hearts,0,2,A,1.21,6.74,12.35
2023/2024,Scottish Premiership,16/12/2023,15:00,Livingston,Kilmarnock,0,0,D,3.57,3.16,2.17
2023/2024,Scottish Premiership,16/12/2023,15:00,Ross County,Dundee,0,1,A,2.27,3.23,3.22
2023/2024,Scottish Premiership,16/12/2023,15:00,St Johnstone,Hibernian,1,0,H,3.56,3.33,2.09
2023/2024,Scottish Premiership,16/12/2023,15:00,St Mirren,Motherwell,0,0,D,1.97,3.29,4.05
2023/2024,Scottish Premiership,20/12/2023,19:45,Aberdeen,Livingston,2,1,H,1.61,3.88,5.53
2023/2024,Scottish Premiership,20/12/2023,19:45,Rangers,St Johnstone,2,0,H,1.12,8.6,20.63
2023/2024,Scottish Premiership,23/12/2023,15:00,Celtic,Livingston,2,0,H,1.07,11.31,28.6
2023/2024,Scottish Premiership,23/12/2023,15:00,Hearts,St Mirren,2,0,H,1.87,3.44,4.31
2023/2024,Scottish Premiership,23/12/2023,15:00,Kilmarnock,St Johnstone,2,1,H,1.65,3.72,5.48
2023/2024,Scottish Premiership,24/12/2023,12:00,Motherwell,Rangers,0,2,A,10.46,5.86,1.26
2023/2024,Scottish Premiership,26/12/2023,15:00,Dundee,Celtic,0,3,A,10.15,6.01,1.26
2023/2024,Scottish Premiership,27/12/2023,19:45,Livingston,St Johnstone,0,0,D,2.31,2.99,3.41
2023/2024,Scottish Premiership,27/12/2023,19:45,St Mirren,Kilmarnock,0,1,A,2.86,2.95,2.69
2023/2024,Scottish Premiership,27/12/2023,20:00,Hibernian,Hearts,0,1,A,2.68,3.24,2.63
2023/2024,Scottish Premiership,30/12/2023,12:30,Celtic,Rangers,2,1,H,2.09,3.5,3.4
2023/2024,Scottish Premiership,30/12/2023,15:00,Aberdeen,St Mirren,0,3,A,1.78,3.46,4.85
2023/2024,Scottish Premiership,30/12/2023,15:00,Hearts,Ross County,2,2,D,1.64,3.85,5.23
2023/2024,Scottish Premiership,30/12/2023,15:00,Kilmarnock,Dundee,2,2,D,1.74,3.67,4.75
2023/2024,Scottish Premiership,30/12/2023,15:00,Motherwell,Livingston,3,1,H,2.11,3.18,3.69
2023/2024,Scottish Premiership,02/01/2024,15:00,Hibernian,Motherwell,2,2,D,1.97,3.48,3.8
2023/2024,Scottish Premiership,02/01/2024,15:00,Livingston,Hearts,1,2,A,4.11,3.41,1.92
2023/2024,Scottish Premiership,02/01/2024,15:00,Rangers,Kilmarnock,3,1,H,1.21,6.49,13.26
2023/2024,Scottish Premiership,02/01/2024,15:00,Ross County,Aberdeen,0,3,A,3.06,3.28,2.34
2023/2024,Scottish Premiership,02/01/2024,17:00,St Mirren,Celtic,0,3,A,11.31,6.05,1.24
2023/2024,Scottish Premiership,23/01/2024,19:45,Hearts,Dundee,3,2,H,1.75,3.64,4.64
2023/2024,Scottish Premiership,24/01/2024,19:45,Hibernian,Rangers,0,3,A,8.63,5.22,1.33
2023/2024,Scottish Premiership,24/01/2024,19:45,St Johnstone,Aberdeen,1,1,D,3.82,3.21,2.07
2023/2024,Scottish Premiership,27/01/2024,12:30,St Mirren,Rangers,0,1,A,11.57,5.44,1.27
2023/2024,Scottish Premiership,27/01/2024,15:00,Celtic,Ross County,1,0,H,1.05,13.26,32.25
2023/2024,Scottish Premiership,27/01/2024,15:00,Hearts,Aberdeen,2,0,H,2.09,3.42,3.46
2023/2024,Scottish Premiership,27/01/2024,15:00,Kilmarnock,Hibernian,2,2,D,2.07,3.42,3.54
2023/2024,Scottish Premiership,27/01/2024,15:00,Livingston,Dundee,1,4,A,2.63,3.08,2.82
2023/2024,Scottish Premiership,27/01/2024,15:00,St Johnstone,Motherwell,1,1,D,2.53,2.89,3.14
2023/2024,Scottish Premiership,30/01/2024,19:45,Aberdeen,Dundee,1,1,D,1.88,3.58,4.1
2023/2024,Scottish Premiership,30/01/2024,19:45,Livingston,Ross County,2,2,D,2.3,3.13,3.27
2023/2024,Scottish Premiership,03/02/2024,12:30,Aberdeen,Celtic,1,1,D,6.29,4.75,1.45
2023/2024,Scottish Premiership,03/02/2024,15:00,Dundee,Hearts,2,3,A,2.86,3.37,2.41
2023/2024,Scottish Premiership,03/02/2024,15:00,Hibernian,St Mirren,0,3,A,1.87,3.42,4.29
2023/2024,Scottish Premiership,03/02/2024,15:00,Motherwell,Kilmarnock,1,1,D,2.92,3.11,2.52
2023/2024,Scottish Premiership,03/02/2024,15:00,Rangers,Livingston,3,0,H,1.09,9.84,24.07
2023/2024,Scottish Premiership,03/02/2024,15:00,Ross County,St Johnstone,0,1,A,2.3,3.05,3.37
2023/2024,Scottish Premiership,06/02/2024,19:45,Motherwell,Ross County,5,0,H,1.91,3.38,4.15
2023/2024,Scottish Premiership,06/02/2024,20:00,Rangers,Aberdeen,2,1,H,1.22,6.24,12.38
2023/2024,Scottish Premiership,07/02/2024,19:45,Kilmarnock,Livingston,1,0,H,1.62,3.71,5.76
2023/2024,Scottish Premiership,07/02/2024,19:45,St Johnstone,Hearts,0,1,A,4.21,3.47,1.88
2023/2024,Scottish Premiership,07/02/2024,19:45,St Mirren,Dundee,2,0,H,2.37,3.12,3.16
2023/2024,Scottish Premiership,07/02/2024,20:00,Hibernian,Celtic,1,2,A,6.17,4.72,1.46
2023/2024,Scottish Premiership,11/02/2024,14:00,Dundee,St Johnstone,2,1,H,1.83,3.45,4.44
2023/2024,Scottish Premiership,14/02/2024,19:45,Aberdeen,Motherwell,3,3,D,1.97,3.42,3.85
2023/2024,Scottish Premiership,14/02/2024,19:45,Rangers,Ross County,3,1,H,1.07,11.41,24.56
2023/2024,Scottish Premiership,17/02/2024,15:00,Aberdeen,Hibernian,2,2,D,2.2,3.39,3.21
2023/2024,Scottish Premiership,17/02/2024,15:00,Celtic,Kilmarnock,1,1,D,1.21,6.55,12.14
2023/2024,Scottish Premiership,17/02/2024,15:00,Dundee,Ross County,2,0,H,1.61,4.2,5.01
2023/2024,Scottish Premiership,17/02/2024,15:00,Hearts,Motherwell,2,0,H,1.71,3.73,4.85
2023/2024,Scottish Premiership,17/02/2024,15:00,Livingston,St Mirren,1,0,H,3.21,3.06,2.38
2023/2024,Scottish Premiership,18/02/2024,12:00,St Johnstone,Rangers,0,3,A,11.42,5.85,1.25
2023/2024,Scottish Premiership,24/02/2024,15:00,Hibernian,Dundee,2,1,H,1.93,3.7,3.72
2023/2024,Scottish Premiership,24/02/2024,15:00,Kilmarnock,Aberdeen,2,0,H,2.45,3.19,2.95
2023/2024,Scottish Premiership,24/02/2024,15:00,Rangers,Hearts,5,0,H,1.27,5.83,10.1
2023/2024,Scottish Premiership,24/02/2024,15:00,Ross County,Livingston,3,2,H,2.39,3.18,3.06
2023/2024,Scottish Premiership,24/02/2024,15:00,St Mirren,St Johnstone,2,0,H,1.8,3.28,5.08
2023/2024,Scottish Premiership,25/02/2024,12:00,Motherwell,Celtic,1,3,A,8.48,5.51,1.31
2023/2024,Scottish Premiership,27/02/2024,20:00,Ross County,St Mirren,1,1,D,3.6,3.21,2.13
2023/2024,Scottish Premiership,28/02/2024,19:45,Aberdeen,St Johnstone,0,2,A,1.67,3.55,5.54
2023/2024,Scottish Premiership,28/02/2024,19:45,Celtic,Dundee,7,1,H,1.13,8.73,17.54
2023/2024,Scottish Premiership,28/02/2024,19:45,Hearts,Hibernian,1,1,D,2,3.57,3.6
2023/2024,Scottish Premiership,28/02/2024,19:45,Kilmarnock,Rangers,1,2,A,7.17,4.26,1.46
2023/2024,Scottish Premiership,28/02/2024,20:00,Livingston,Motherwell,1,3,A,3.05,3.16,2.41
2023/2024,Scottish Premiership,02/03/2024,15:00,Dundee,Kilmarnock,2,2,D,2.98,3.31,2.38
2023/2024,Scottish Premiership,02/03/2024,15:00,Hibernian,Ross County,2,0,H,1.39,4.95,7.4
2023/2024,Scottish Premiership,02/03/2024,15:00,Rangers,Motherwell,1,2,A,1.15,7.71,16.98
2023/2024,Scottish Premiership,02/03/2024,15:00,St Johnstone,Livingston,1,1,D,2.2,2.96,3.74
2023/2024,Scottish Premiership,02/03/2024,15:00,St Mirren,Aberdeen,2,1,H,2.33,3.17,3.17
2023/2024,Scottish Premiership,03/03/2024,12:00,Hearts,Celtic,2,0,H,6.24,4.67,1.46
2023/2024,Scottish Premiership,13/03/2024,19:45,Dundee,Aberdeen,1,0,H,3,3.29,2.38
2023/2024,Scottish Premiership,13/03/2024,19:45,Ross County,Hibernian,2,2,D,4.34,3.52,1.84
2023/2024,Scottish Premiership,16/03/2024,15:00,Celtic,St Johnstone,3,1,H,1.13,8.6,18.91
2023/2024,Scottish Premiership,16/03/2024,15:00,Hibernian,Livingston,3,0,H,1.47,4.25,6.95
2023/2024,Scottish Premiership,16/03/2024,15:00,Kilmarnock,St Mirren,5,2,H,2.08,3,4.08
2023/2024,Scottish Premiership,16/03/2024,15:00,Motherwell,Aberdeen,0,1,A,2.37,3.24,3.06
2023/2024,Scottish Premiership,16/03/2024,15:00,Ross County,Hearts,2,1,H,4.17,3.52,1.87
2023/2024,Scottish Premiership,30/03/2024,15:00,Aberdeen,Ross County,2,1,H,1.55,3.95,6.15
2023/2024,Scottish Premiership,30/03/2024,15:00,Hearts,Kilmarnock,1,1,D,2.25,3.34,3.16
2023/2024,Scottish Premiership,30/03/2024,15:00,Motherwell,St Mirren,1,1,D,2.58,3.21,2.77
2023/2024,Scottish Premiership,30/03/2024,15:00,Rangers,Hibernian,3,1,H,1.22,6.58,11.07
2023/2024,Scottish Premiership,30/03/2024,15:00,St Johnstone,Dundee,1,2,A,3.05,3.08,2.45
2023/2024,Scottish Premiership,31/03/2024,12:00,Livingston,Celtic,0,3,A,13.07,7.16,1.19
2023/2024,Scottish Premiership,06/04/2024,15:00,Dundee,Motherwell,2,3,A,2.24,3.37,3.18
2023/2024,Scottish Premiership,06/04/2024,15:00,Hibernian,St Johnstone,1,2,A,1.53,4.07,6.25
2023/2024,Scottish Premiership,06/04/2024,15:00,Kilmarnock,Ross County,1,0,H,1.52,4.04,6.48
2023/2024,Scottish Premiership,06/04/2024,15:00,Livingston,Aberdeen,0,0,D,4.15,3.4,1.92
2023/2024,Scottish Premiership,06/04/2024,15:00,St Mirren,Hearts,1,2,A,2.37,3.14,3.13
2023/2024,Scottish Premiership,07/04/2024,12:00,Rangers,Celtic,3,3,D,2.38,3.51,2.82
2023/2024,Scottish Premiership,13/04/2024,15:00,Aberdeen,Dundee,0,0,D,1.93,3.51,3.89
2023/2024,Scottish Premiership,13/04/2024,15:00,Celtic,St Mirren,3,0,H,1.18,6.95,14.23
2023/2024,Scottish Premiership,13/04/2024,15:00,Hearts,Livingston,4,2,H,1.44,4.54,6.94
2023/2024,Scottish Premiership,13/04/2024,15:00,Motherwell,Hibernian,1,1,D,2.72,3.53,2.45
2023/2024,Scottish Premiership,13/04/2024,15:00,St Johnstone,Kilmarnock,0,2,A,3.99,3.19,2.02
2023/2024,Scottish Premiership,14/04/2024,12:00,Ross County,Rangers,3,2,H,13.79,7.44,1.17
2023/2024,Scottish Premiership,17/04/2024,20:00,Dundee,Rangers,0,0,D,10.3,6.06,1.25
2023/2024,Scottish Premiership,27/04/2024,15:00,Aberdeen,Motherwell,1,0,H,2.2,3.4,3.22
2023/2024,Scottish Premiership,27/04/2024,15:00,Kilmarnock,Hearts,0,0,D,2.27,3.29,3.16
2023/2024,Scottish Premiership,27/04/2024,15:00,Livingston,Ross County,2,0,H,3.11,3.33,2.29
2023/2024,Scottish Premiership,27/04/2024,15:00,St Johnstone,Hibernian,1,3,A,3.53,3.28,2.14
2023/2024,Scottish Premiership,28/04/2024,12:30,St Mirren,Rangers,1,2,A,8.71,4.77,1.36
2023/2024,Scottish Premiership,28/04/2024,15:00,Dundee,Celtic,1,2,A,11.6,7,1.2
2023/2024,Scottish Premiership,04/05/2024,15:00,Aberdeen,St Johnstone,1,0,H,1.71,3.57,5.11
2023/2024,Scottish Premiership,04/05/2024,15:00,Celtic,Hearts,3,0,H,1.21,6.74,11.58
2023/2024,Scottish Premiership,04/05/2024,15:00,Dundee,St Mirren,1,3,A,2.67,3.02,2.83
2023/2024,Scottish Premiership,04/05/2024,15:00,Motherwell,Livingston,4,1,H,1.68,3.78,5
2023/2024,Scottish Premiership,04/05/2024,15:00,Ross County,Hibernian,2,1,H,2.93,3.41,2.36
2023/2024,Scottish Premiership,05/05/2024,13:00,Rangers,Kilmarnock,4,1,H,1.24,5.93,11.52
2023/2024,Scottish Premiership,11/05/2024,12:30,Celtic,Rangers,2,1,H,1.82,3.95,3.94
2023/2024,Scottish Premiership,11/05/2024,15:00,Hearts,Dundee,3,0,H,1.62,4.26,4.83
2023/2024,Scottish Premiership,11/05/2024,15:00,Livingston,St Johnstone,2,1,H,2.87,3.13,2.56
2023/2024,Scottish Premiership,11/05/2024,15:00,Ross County,Motherwell,1,5,A,2.21,3.48,3.15
2023/2024,Scottish Premiership,11/05/2024,15:00,St Mirren,Kilmarnock,0,1,A,2.44,3,3.16
2023/2024,Scottish Premiership,12/05/2024,15:00,Hibernian,Aberdeen,0,4,A,2.01,3.69,3.43
2023/2024,Scottish Premiership,14/05/2024,19:30,Rangers,Dundee,5,2,H,1.17,7.82,13.77
2023/2024,Scottish Premiership,15/05/2024,19:30,Kilmarnock,Celtic,0,5,A,8.77,5.88,1.29
2023/2024,Scottish Premiership,15/05/2024,19:45,Aberdeen,Livingston,5,1,H,1.53,4.34,5.82
2023/2024,Scottish Premiership,15/05/2024,19:45,Hibernian,Motherwell,3,0,H,2.2,3.63,3.04
2023/2024,Scottish Premiership,15/05/2024,19:45,St Johnstone,Ross County,1,1,D,2.36,3.17,3.13
2023/2024,Scottish Premiership,15/05/2024,19:45,St Mirren,Hearts,2,2,D,2.54,3.33,2.75
2023/2024,Scottish Premiership,18/05/2024,12:30,Celtic,St Mirren,3,2,H,1.16,7.94,14.38
2023/2024,Scottish Premiership,18/05/2024,12:30,Dundee,Kilmarnock,1,1,D,2.3,3.56,2.91
2023/2024,Scottish Premiership,18/05/2024,12:30,Hearts,Rangers,3,3,D,3.91,4.24,1.77
2023/2024,Scottish Premiership,19/05/2024,15:00,Livingston,Hibernian,1,1,D,4.1,4.03,1.77
2023/2024,Scottish Premiership,19/05/2024,15:00,Motherwell,St Johnstone,1,2,A,2.2,3.57,3.09
2023/2024,Scottish Premiership,19/05/2024,15:00,Ross County,Aberdeen,2,2,D,2.3,3.77,2.8
2024/2025,Scottish Premiership,03/08/2024,12:30,Hearts,Rangers,0,0,D,4.3,4.11,1.72
2024/2025,Scottish Premiership,03/08/2024,15:00,Motherwell,Ross County,0,0,D,2.25,3.21,3.32
2024/2025,Scottish Premiership,04/08/2024,13:30,Dundee United,Dundee,2,2,D,2.41,3.19,3.04
2024/2025,Scottish Premiership,04/08/2024,15:00,St Mirren,Hibernian,3,0,H,2.72,3.27,2.59
2024/2025,Scottish Premiership,04/08/2024,16:30,Celtic,Kilmarnock,4,0,H,1.12,8.94,19.68
2024/2025,Scottish Premiership,05/08/2024,20:00,St Johnstone,Aberdeen,1,2,A,4.01,3.57,1.9
2024/2025,Scottish Premiership,10/08/2024,15:00,Rangers,Motherwell,2,1,H,1.19,7.15,12.86
2024/2025,Scottish Premiership,10/08/2024,15:00,Ross County,Dundee United,1,1,D,3.23,3.39,2.19
2024/2025,Scottish Premiership,10/08/2024,17:30,Dundee,Hearts,3,1,H,2.99,3.49,2.27
2024/2025,Scottish Premiership,11/08/2024,12:30,Hibernian,Celtic,0,2,A,8.71,5.72,1.3
2024/2025,Scottish Premiership,11/08/2024,15:00,Aberdeen,St Mirren,3,1,H,1.72,3.7,4.74
2024/2025,Scottish Premiership,11/08/2024,15:00,Kilmarnock,St Johnstone,0,3,A,1.6,4.02,5.29
2024/2025,Scottish Premiership,24/08/2024,15:00,Dundee United,St Johnstone,2,0,H,1.77,3.74,4.44
2024/2025,Scottish Premiership,24/08/2024,15:00,Hibernian,Dundee,2,2,D,2.04,3.63,3.42
2024/2025,Scottish Premiership,24/08/2024,15:00,Rangers,Ross County,6,0,H,1.15,7.95,15.2
2024/2025,Scottish Premiership,25/08/2024,12:00,St Mirren,Celtic,0,3,A,12.45,6.55,1.21
2024/2025,Scottish Premiership,25/08/2024,15:00,Aberdeen,Kilmarnock,2,0,H,1.76,3.49,4.84
2024/2025,Scottish Premiership,25/08/2024,15:00,Motherwell,Hearts,3,1,H,3.09,3.3,2.3
2024/2025,Scottish Premiership,31/08/2024,15:00,Dundee,St Mirren,2,2,D,2.28,3.35,3.11
2024/2025,Scottish Premiership,31/08/2024,15:00,St Johnstone,Motherwell,1,2,A,2.99,3.31,2.37
2024/2025,Scottish Premiership,31/08/2024,17:45,Ross County,Aberdeen,0,1,A,4.24,3.6,1.83
2024/2025,Scottish Premiership,01/09/2024,12:30,Celtic,Rangers,3,0,H,1.65,4.08,4.78
2024/2025,Scottish Premiership,01/09/2024,15:00,Hearts,Dundee United,0,1,A,1.88,3.6,3.96
2024/2025,Scottish Premiership,01/09/2024,15:00,Kilmarnock,Hibernian,1,1,D,2.58,3.18,2.78
2024/2025,Scottish Premiership,14/09/2024,15:00,Aberdeen,Motherwell,2,1,H,1.67,3.75,5.1
2024/2025,Scottish Premiership,14/09/2024,15:00,Celtic,Hearts,2,0,H,1.13,8.75,16.97
2024/2025,Scottish Premiership,14/09/2024,15:00,Hibernian,St Johnstone,2,0,H,1.58,4.15,5.39
2024/2025,Scottish Premiership,14/09/2024,15:00,Ross County,Dundee,2,0,H,2.81,3.51,2.38
2024/2025,Scottish Premiership,14/09/2024,15:00,St Mirren,Kilmarnock,2,2,D,2.41,3.13,3.07
2024/2025,Scottish Premiership,15/09/2024,12:00,Dundee United,Rangers,0,1,A,5.86,4.44,1.51
2024/2025,Scottish Premiership,21/09/2024,15:00,Ross County,St Johnstone,3,3,D,1.9,3.43,4.15
2024/2025,Scottish Premiership,21/09/2024,15:00,St Mirren,Hearts,2,1,H,2.77,3.27,2.56
2024/2025,Scottish Premiership,28/09/2024,15:00,Dundee,Aberdeen,1,2,A,3.08,3.57,2.2
2024/2025,Scottish Premiership,28/09/2024,15:00,Hearts,Ross County,1,1,D,1.61,3.94,5.45
2024/2025,Scottish Premiership,28/09/2024,15:00,Kilmarnock,Dundee United,3,3,D,2.07,3.3,3.65
2024/2025,Scottish Premiership,28/09/2024,15:00,Motherwell,St Mirren,2,1,H,2.15,3.26,3.49
2024/2025,Scottish Premiership,28/09/2024,17:45,St Johnstone,Celtic,0,6,A,17.73,8.42,1.13
2024/2025,Scottish Premiership,29/09/2024,12:00,Rangers,Hibernian,1,0,H,1.28,5.51,10.31
2024/2025,Scottish Premiership,05/10/2024,15:00,Dundee,Kilmarnock,2,3,A,2.24,3.44,3.09
2024/2025,Scottish Premiership,05/10/2024,15:00,Hibernian,Motherwell,1,2,A,1.82,3.61,4.27
2024/2025,Scottish Premiership,05/10/2024,15:00,St Mirren,Dundee United,0,1,A,2.34,3.23,3.1
2024/2025,Scottish Premiership,06/10/2024,12:00,Ross County,Celtic,1,2,A,13.81,7.48,1.17
2024/2025,Scottish Premiership,06/10/2024,15:00,Aberdeen,Hearts,3,2,H,1.85,3.74,4.01
2024/2025,Scottish Premiership,06/10/2024,20:00,Rangers,St Johnstone,2,0,H,1.08,10.81,24.5
2024/2025,Scottish Premiership,19/10/2024,15:00,Celtic,Aberdeen,2,2,D,1.19,7.14,12.69
2024/2025,Scottish Premiership,19/10/2024,15:00,Dundee United,Hibernian,3,2,H,2.8,3.32,2.49
2024/2025,Scottish Premiership,19/10/2024,15:00,Hearts,St Mirren,4,0,H,1.77,3.72,4.45
2024/2025,Scottish Premiership,19/10/2024,15:00,Motherwell,Dundee,0,1,A,2,3.66,3.51
2024/2025,Scottish Premiership,19/10/2024,15:00,St Johnstone,Ross County,3,0,H,2.58,3.14,2.83
2024/2025,Scottish Premiership,20/10/2024,12:00,Kilmarnock,Rangers,1,0,H,5.75,4.37,1.52
2024/2025,Scottish Premiership,26/10/2024,15:00,Dundee,St Johnstone,1,2,A,1.77,3.7,4.46
2024/2025,Scottish Premiership,26/10/2024,15:00,Ross County,Kilmarnock,2,1,H,3.81,3.33,2.01
2024/2025,Scottish Premiership,26/10/2024,17:30,Aberdeen,Dundee United,1,0,H,1.8,3.65,4.37
2024/2025,Scottish Premiership,27/10/2024,12:00,Hibernian,Hearts,1,1,D,2.31,3.3,3.09
2024/2025,Scottish Premiership,27/10/2024,15:00,Motherwell,Celtic,0,3,A,11.57,6.86,1.21
2024/2025,Scottish Premiership,27/10/2024,15:00,Rangers,St Mirren,2,1,H,1.27,5.56,10.68
2024/2025,Scottish Premiership,30/10/2024,19:45,Celtic,Dundee,2,0,H,1.16,7.94,14.55
2024/2025,Scottish Premiership,30/10/2024,19:45,Dundee United,Motherwell,1,2,A,1.93,3.53,3.89
2024/2025,Scottish Premiership,30/10/2024,19:45,Hearts,Kilmarnock,1,2,A,1.79,3.67,4.4
2024/2025,Scottish Premiership,30/10/2024,19:45,Ross County,Hibernian,0,0,D,4.08,3.4,1.92
2024/2025,Scottish Premiership,30/10/2024,19:45,St Mirren,St Johnstone,3,1,H,1.97,3.36,3.93
2024/2025,Scottish Premiership,30/10/2024,20:00,Aberdeen,Rangers,2,1,H,3.81,3.59,1.93
2024/2025,Scottish Premiership,02/11/2024,15:00,St Johnstone,Hearts,1,2,A,3.7,3.57,1.97
2024/2025,Scottish Premiership,02/11/2024,15:00,St Mirren,Ross County,0,0,D,1.73,3.55,5.06
2024/2025,Scottish Premiership,03/11/2024,15:00,Dundee,Kilmarnock,3,2,H,2.72,3.36,2.54
2024/2025,Scottish Premiership,03/11/2024,15:00,Hibernian,Dundee United,1,1,D,1.79,3.62,4.42
2024/2025,Scottish Premiership,09/11/2024,15:00,Dundee United,Ross County,3,0,H,1.81,3.45,4.62
2024/2025,Scottish Premiership,09/11/2024,15:00,Hibernian,St Mirren,1,2,A,1.79,3.55,4.54
2024/2025,Scottish Premiership,09/11/2024,15:00,Motherwell,St Johnstone,2,1,H,2.12,3.4,3.4
2024/2025,Scottish Premiership,09/11/2024,17:30,Aberdeen,Dundee,4,1,H,1.86,3.64,4.07
2024/2025,Scottish Premiership,10/11/2024,15:00,Kilmarnock,Celtic,0,2,A,10.41,5.93,1.26
2024/2025,Scottish Premiership,10/11/2024,17:00,Rangers,Hearts,1,0,H,1.36,5.05,7.77
2024/2025,Scottish Premiership,23/11/2024,15:00,St Johnstone,Kilmarnock,1,0,H,3.37,3.46,2.12
2024/2025,Scottish Premiership,23/11/2024,15:15,Ross County,Motherwell,2,1,H,2.64,3,2.88
2024/2025,Scottish Premiership,23/11/2024,15:45,Rangers,Dundee United,1,1,D,1.22,6.33,11.99
2024/2025,Scottish Premiership,23/11/2024,16:00,St Mirren,Aberdeen,2,1,H,2.66,3.36,2.56
2024/2025,Scottish Premiership,23/11/2024,17:45,Dundee,Hibernian,4,1,H,2.8,3.31,2.5
2024/2025,Scottish Premiership,23/11/2024,19:45,Hearts,Celtic,1,4,A,6.37,4.77,1.44
2024/2025,Scottish Premiership,26/11/2024,19:45,Hibernian,Aberdeen,3,3,D,2.52,3.3,2.79
2024/2025,Scottish Premiership,30/11/2024,15:00,Celtic,Ross County,5,0,H,1.06,12.3,30.2
2024/2025,Scottish Premiership,30/11/2024,15:00,Dundee United,St Mirren,2,0,H,2.29,3.3,3.13
2024/2025,Scottish Premiership,30/11/2024,15:00,Kilmarnock,Dundee,1,1,D,2.01,3.53,3.6
2024/2025,Scottish Premiership,30/11/2024,15:00,Motherwell,Hibernian,0,3,A,2.83,3.33,2.47
2024/2025,Scottish Premiership,01/12/2024,12:00,St Johnstone,Rangers,0,1,A,8.79,5.68,1.3
2024/2025,Scottish Premiership,01/12/2024,15:00,Hearts,Aberdeen,1,1,D,1.87,3.61,4.02
2024/2025,Scottish Premiership,04/12/2024,19:45,Dundee,Motherwell,4,1,H,2.05,3.5,3.51
2024/2025,Scottish Premiership,04/12/2024,19:45,Rangers,Kilmarnock,6,0,H,1.22,6.27,12.93
2024/2025,Scottish Premiership,04/12/2024,20:00,Aberdeen,Celtic,0,1,A,10.33,5.98,1.26
2024/2025,Scottish Premiership,07/12/2024,15:00,Aberdeen,St Johnstone,1,1,D,1.6,4.08,5.28
2024/2025,Scottish Premiership,07/12/2024,15:00,Celtic,Hibernian,3,0,H,1.17,7.55,14.8
2024/2025,Scottish Premiership,07/12/2024,15:00,Dundee United,Kilmarnock,1,1,D,1.99,3.42,3.79
2024/2025,Scottish Premiership,07/12/2024,15:00,Hearts,Dundee,2,0,H,1.63,4.05,5.01
2024/2025,Scottish Premiership,07/12/2024,15:00,St Mirren,Motherwell,0,1,A,1.89,3.43,4.25
2024/2025,Scottish Premiership,08/12/2024,12:00,Ross County,Rangers,0,3,A,14,6.77,1.19
2024/2025,Scottish Premiership,14/12/2024,15:00,Hibernian,Ross County,3,1,H,1.44,4.43,7.19
2024/2025,Scottish Premiership,14/12/2024,15:00,Motherwell,Dundee United,4,3,H,2.51,3.33,2.78
2024/2025,Scottish Premiership,14/12/2024,15:00,St Johnstone,St Mirren,2,3,A,2.81,3.18,2.56
2024/2025,Scottish Premiership,15/12/2024,15:00,Kilmarnock,Hearts,1,0,H,2.74,3.21,2.6
2024/2025,Scottish Premiership,20/12/2024,19:45,Motherwell,Kilmarnock,1,1,D,2.12,3.38,3.45
2024/2025,Scottish Premiership,21/12/2024,15:00,Aberdeen,Hibernian,1,3,A,2.04,3.56,3.47
2024/2025,Scottish Premiership,21/12/2024,15:00,Rangers,Dundee,1,0,H,1.08,11.16,23.58
2024/2025,Scottish Premiership,21/12/2024,15:00,Ross County,St Mirren,1,2,A,2.88,3.14,2.54
2024/2025,Scottish Premiership,22/12/2024,12:00,Dundee United,Celtic,0,0,D,8.21,5.25,1.33
2024/2025,Scottish Premiership,22/12/2024,15:00,Hearts,St Johnstone,2,1,H,1.62,3.92,5.29
2024/2025,Scottish Premiership,26/12/2024,12:30,Hearts,Hibernian,1,2,A,2.14,3.42,3.34
2024/2025,Scottish Premiership,26/12/2024,15:00,Celtic,Motherwell,4,0,H,1.13,8.98,17.23
2024/2025,Scottish Premiership,26/12/2024,15:00,Dundee,Ross County,0,3,A,1.8,3.59,4.43
2024/2025,Scottish Premiership,26/12/2024,15:00,Kilmarnock,Aberdeen,4,0,H,2.48,3.33,2.81
2024/2025,Scottish Premiership,26/12/2024,15:00,St Johnstone,Dundee United,1,2,A,3.03,3.18,2.41
2024/2025,Scottish Premiership,26/12/2024,17:45,St Mirren,Rangers,2,1,H,9.04,5.26,1.32
2024/2025,Scottish Premiership,29/12/2024,15:00,Celtic,St Johnstone,4,0,H,1.07,10.83,28.13
2024/2025,Scottish Premiership,29/12/2024,15:00,Hibernian,Kilmarnock,1,0,H,1.95,3.51,3.82
2024/2025,Scottish Premiership,29/12/2024,15:00,Motherwell,Rangers,2,2,D,8.2,5.16,1.34
2024/2025,Scottish Premiership,29/12/2024,15:00,Ross County,Hearts,2,2,D,3.09,3.31,2.31
2024/2025,Scottish Premiership,29/12/2024,15:00,St Mirren,Dundee,1,2,A,1.88,3.59,3.96
2024/2025,Scottish Premiership,29/12/2024,17:15,Dundee United,Aberdeen,1,0,H,2.22,3.45,3.11
2024/2025,Scottish Premiership,02/01/2025,15:00,Aberdeen,Ross County,1,2,A,1.68,3.82,4.88
2024/2025,Scottish Premiership,02/01/2025,15:00,Hearts,Motherwell,1,0,H,1.7,3.76,4.9
2024/2025,Scottish Premiership,02/01/2025,15:00,Kilmarnock,St Mirren,2,0,H,2.23,3.21,3.32
2024/2025,Scottish Premiership,02/01/2025,15:00,Rangers,Celtic,3,0,H,3.22,3.7,2.1
2024/2025,Scottish Premiership,02/01/2025,15:00,St Johnstone,Hibernian,1,1,D,3.7,3.51,1.98
2024/2025,Scottish Premiership,02/01/2025,17:30,Dundee,Dundee United,1,2,A,3.08,3.39,2.26
2024/2025,Scottish Premiership,05/01/2025,12:00,Hibernian,Rangers,3,3,D,5.67,4.44,1.52
2024/2025,Scottish Premiership,05/01/2025,14:30,Motherwell,Aberdeen,2,0,H,2.7,3.26,2.6
2024/2025,Scottish Premiership,05/01/2025,15:00,Celtic,St Mirren,3,0,H,1.13,8.57,17.06
2024/2025,Scottish Premiership,05/01/2025,15:00,Dundee United,Hearts,0,1,A,2.39,3.28,2.96
2024/2025,Scottish Premiership,05/01/2025,15:00,Kilmarnock,Ross County,0,1,A,1.59,3.88,5.73
2024/2025,Scottish Premiership,05/01/2025,15:00,St Johnstone,Dundee,1,3,A,2.52,3.29,2.77
2024/2025,Scottish Premiership,08/01/2025,19:45,Celtic,Dundee United,2,0,H,1.13,8.34,18.69
2024/2025,Scottish Premiership,08/01/2025,19:45,Kilmarnock,Motherwell,0,0,D,1.85,3.44,4.34
2024/2025,Scottish Premiership,09/01/2025,20:00,Dundee,Rangers,1,1,D,9.31,5.73,1.28
2024/2025,Scottish Premiership,11/01/2025,12:30,Ross County,Celtic,1,4,A,13.49,6.68,1.2
2024/2025,Scottish Premiership,11/01/2025,15:00,Hibernian,Motherwell,3,1,H,1.5,4.34,6.15
2024/2025,Scottish Premiership,11/01/2025,15:00,St Mirren,Dundee United,0,1,A,2.61,2.97,2.92
2024/2025,Scottish Premiership,12/01/2025,15:00,Aberdeen,Hearts,0,0,D,2.59,3.37,2.65
2024/2025,Scottish Premiership,12/01/2025,15:00,Rangers,St Johnstone,3,1,H,1.11,9.3,19.83
2024/2025,Scottish Premiership,14/01/2025,20:00,Dundee,Celtic,3,3,D,12.98,7.09,1.19
2024/2025,Scottish Premiership,15/01/2025,20:00,Rangers,Aberdeen,3,0,H,1.19,7,13.1
2024/2025,Scottish Premiership,25/01/2025,15:00,Aberdeen,St Mirren,0,3,A,2.01,3.43,3.68
2024/2025,Scottish Premiership,25/01/2025,15:00,Hearts,Kilmarnock,3,2,H,1.86,3.53,4.18
2024/2025,Scottish Premiership,25/01/2025,15:00,Ross County,Hibernian,1,1,D,3.99,3.42,1.94
2024/2025,Scottish Premiership,25/01/2025,15:00,St Johnstone,Motherwell,2,1,H,2.07,3.21,3.77
2024/2025,Scottish Premiership,26/01/2025,12:00,Dundee United,Rangers,1,3,A,5.33,4.23,1.57
2024/2025,Scottish Premiership,01/02/2025,15:00,Dundee,Hearts,0,6,A,3.17,3.42,2.21
2024/2025,Scottish Premiership,01/02/2025,15:00,Hibernian,Aberdeen,2,0,H,1.8,3.62,4.35
2024/2025,Scottish Premiership,01/02/2025,15:00,St Mirren,St Johnstone,0,1,A,1.85,3.37,4.5
2024/2025,Scottish Premiership,01/02/2025,17:45,Kilmarnock,Dundee United,1,0,H,2.33,3.32,3.04
2024/2025,Scottish Premiership,02/02/2025,15:00,Motherwell,Celtic,1,3,A,14.65,7.15,1.17
2024/2025,Scottish Premiership,02/02/2025,15:00,Rangers,Ross County,4,0,H,1.09,10.3,23.91
2024/2025,Scottish Premiership,05/02/2025,19:45,Celtic,Dundee,6,0,H,1.06,12.18,29.05
2024/2025,Scottish Premiership,15/02/2025,15:00,Celtic,Dundee United,3,0,H,1.18,7.27,13.91
2024/2025,Scottish Premiership,15/02/2025,15:00,Dundee,Aberdeen,1,2,A,2.69,3.4,2.53
2024/2025,Scottish Premiership,15/02/2025,15:00,Kilmarnock,St Johnstone,3,1,H,1.83,3.42,4.49
2024/2025,Scottish Premiership,15/02/2025,15:00,Motherwell,Ross County,0,3,A,2.1,3.12,3.79
2024/2025,Scottish Premiership,16/02/2025,12:00,Hearts,Rangers,1,3,A,5.4,4.2,1.57
2024/2025,Scottish Premiership,16/02/2025,14:00,St Mirren,Hibernian,0,0,D,2.88,3.16,2.52
2024/2025,Scottish Premiership,22/02/2025,12:30,Hibernian,Celtic,2,1,H,6.57,4.48,1.46
2024/2025,Scottish Premiership,22/02/2025,15:00,Aberdeen,Kilmarnock,1,0,H,2.12,3.31,3.51
2024/2025,Scottish Premiership,22/02/2025,15:00,Dundee United,Motherwell,1,0,H,1.71,3.7,4.86
2024/2025,Scottish Premiership,22/02/2025,15:00,Rangers,St Mirren,0,2,A,1.17,7.22,15.43
2024/2025,Scottish Premiership,22/02/2025,15:00,Ross County,Dundee,3,1,H,2.36,3.18,3.13
2024/2025,Scottish Premiership,23/02/2025,12:00,St Johnstone,Hearts,1,2,A,4.01,3.56,1.9
2024/2025,Scottish Premiership,25/02/2025,20:00,Celtic,Aberdeen,5,1,H,1.13,8.85,17.8
2024/2025,Scottish Premiership,26/02/2025,19:45,Dundee United,Hibernian,1,3,A,2.79,3.13,2.63
2024/2025,Scottish Premiership,26/02/2025,19:45,Hearts,St Mirren,3,1,H,1.79,3.62,4.49
2024/2025,Scottish Premiership,26/02/2025,19:45,Motherwell,Dundee,2,1,H,2.33,3.32,3.04
2024/2025,Scottish Premiership,26/02/2025,19:45,St Johnstone,Ross County,1,0,H,2.41,3.14,3.08
2024/2025,Scottish Premiership,26/02/2025,20:00,Kilmarnock,Rangers,2,4,A,6.32,4.47,1.47
2024/2025,Scottish Premiership,01/03/2025,15:00,Dundee,St Johnstone,1,1,D,2.3,3.3,3.11
2024/2025,Scottish Premiership,01/03/2025,15:00,Rangers,Motherwell,1,2,A,1.12,8.42,20.14
2024/2025,Scottish Premiership,01/03/2025,15:00,Ross County,Kilmarnock,1,0,H,3.12,3.07,2.42
2024/2025,Scottish Premiership,01/03/2025,17:30,St Mirren,Celtic,2,5,A,9.2,5.44,1.3
2024/2025,Scottish Premiership,02/03/2025,12:30,Hibernian,Hearts,2,1,H,2.51,3.26,2.84
2024/2025,Scottish Premiership,02/03/2025,15:00,Aberdeen,Dundee United,2,2,D,2.06,3.36,3.61
2024/2025,Scottish Premiership,15/03/2025,15:00,Hearts,Ross County,2,0,H,1.44,4.38,7.31
2024/2025,Scottish Premiership,15/03/2025,15:00,Kilmarnock,Hibernian,1,1,D,2.42,3.23,2.98
2024/2025,Scottish Premiership,15/03/2025,15:00,Motherwell,St Mirren,2,2,D,2.87,3,2.64
2024/2025,Scottish Premiership,15/03/2025,15:00,St Johnstone,Aberdeen,0,0,D,2.97,3.27,2.4
2024/2025,Scottish Premiership,16/03/2025,12:30,Celtic,Rangers,2,3,A,1.64,4,4.95
2024/2025,Scottish Premiership,16/03/2025,15:00,Dundee United,Dundee,2,4,A,1.84,3.69,4.04
2024/2025,Scottish Premiership,29/03/2025,15:00,Aberdeen,Motherwell,4,1,H,1.69,3.74,5.05
2024/2025,Scottish Premiership,29/03/2025,15:00,Celtic,Hearts,3,0,H,1.2,6.87,11.81
2024/2025,Scottish Premiership,29/03/2025,15:00,Hibernian,St Johnstone,3,0,H,1.61,3.81,5.68
2024/2025,Scottish Premiership,29/03/2025,15:00,St Mirren,Kilmarnock,5,1,H,2.34,3.2,3.13
2024/2025,Scottish Premiership,29/03/2025,17:30,Dundee,Rangers,3,4,A,7.16,5.41,1.35
2024/2025,Scottish Premiership,30/03/2025,14:30,Ross County,Dundee United,0,1,A,3,3.18,2.43
2024/2025,Scottish Premiership,05/04/2025,15:00,Dundee,St Mirren,2,0,H,2.73,3.36,2.53
2024/2025,Scottish Premiership,05/04/2025,15:00,Kilmarnock,Motherwell,2,0,H,1.76,3.62,4.61
2024/2025,Scottish Premiership,05/04/2025,15:00,Rangers,Hibernian,0,2,A,1.48,4.51,6.11
2024/2025,Scottish Premiership,05/04/2025,15:00,Ross County,Aberdeen,0,1,A,3.74,3.47,1.98
2024/2025,Scottish Premiership,06/04/2025,12:00,St Johnstone,Celtic,1,0,H,18.02,7.49,1.15
2024/2025,Scottish Premiership,06/04/2025,14:30,Hearts,Dundee United,0,1,A,1.72,3.75,4.77
2024/2025,Scottish Premiership,12/04/2025,12:30,Celtic,Kilmarnock,5,1,H,1.18,7.11,14.26
2024/2025,Scottish Premiership,12/04/2025,15:00,Dundee United,St Johnstone,1,0,H,1.84,3.54,4.27
2024/2025,Scottish Premiership,12/04/2025,15:00,Motherwell,Hearts,0,0,D,4.23,3.74,1.8
2024/2025,Scottish Premiership,12/04/2025,15:00,St Mirren,Ross County,3,2,H,1.54,4.02,6.21
2024/2025,Scottish Premiership,13/04/2025,12:00,Aberdeen,Rangers,2,2,D,2.49,3.64,2.62
2024/2025,Scottish Premiership,13/04/2025,14:30,Hibernian,Dundee,4,0,H,1.48,4.59,5.98
2024/2025,Scottish Premiership,26/04/2025,12:30,Dundee United,Celtic,0,5,A,8.79,5.29,1.32
2024/2025,Scottish Premiership,26/04/2025,15:00,Aberdeen,Hibernian,1,0,H,2.42,3.4,2.85
2024/2025,Scottish Premiership,26/04/2025,15:00,Hearts,Dundee,0,1,A,1.52,4.27,6
2024/2025,Scottish Premiership,26/04/2025,15:00,Kilmarnock,Ross County,2,0,H,1.79,3.4,4.88
2024/2025,Scottish Premiership,26/04/2025,15:00,Motherwell,St Johnstone,3,2,H,2.08,3.33,3.65
2024/2025,Scottish Premiership,26/04/2025,15:00,St Mirren,Rangers,2,2,D,3.96,3.99,1.81
2024/2025,Scottish Premiership,03/05/2025,15:00,Dundee,Motherwell,1,2,A,2.03,3.46,3.6
2024/2025,Scottish Premiership,03/05/2025,15:00,Hibernian,Dundee United,3,1,H,1.68,3.91,4.82
2024/2025,Scottish Premiership,03/05/2025,15:00,Ross County,Hearts,1,3,A,4.12,3.53,1.87
2024/2025,Scottish Premiership,03/05/2025,15:00,St Johnstone,Kilmarnock,0,2,A,2.99,3.26,2.39
2024/2025,Scottish Premiership,03/05/2025,15:00,St Mirren,Aberdeen,1,0,H,2.39,3.35,2.91
2024/2025,Scottish Premiership,04/05/2025,12:00,Rangers,Celtic,1,1,D,2.86,3.78,2.24
2024/2025,Scottish Premiership,10/05/2025,15:00,Celtic,Hibernian,3,1,H,1.3,5.79,8.94
2024/2025,Scottish Premiership,10/05/2025,15:00,Dundee United,St Mirren,0,2,A,2.38,3.38,2.91
2024/2025,Scottish Premiership,10/05/2025,15:00,Hearts,Motherwell,3,0,H,1.6,4.1,5.23
2024/2025,Scottish Premiership,10/05/2025,15:00,Kilmarnock,Dundee,3,2,H,1.9,3.59,3.96
2024/2025,Scottish Premiership,10/05/2025,15:00,St Johnstone,Ross County,2,1,H,2.01,3.38,3.78
2024/2025,Scottish Premiership,11/05/2025,12:00,Rangers,Aberdeen,4,0,H,1.46,4.67,6.12
2024/2025,Scottish Premiership,14/05/2025,19:45,Dundee,Ross County,1,1,D,1.93,3.66,3.76
2024/2025,Scottish Premiership,14/05/2025,19:45,Hearts,St Johnstone,2,1,H,1.65,3.65,5.78
2024/2025,Scottish Premiership,14/05/2025,19:45,Motherwell,Kilmarnock,3,0,H,2.69,3.16,2.72
2024/2025,Scottish Premiership,14/05/2025,19:45,Rangers,Dundee United,3,1,H,1.26,6.01,10.11
2024/2025,Scottish Premiership,14/05/2025,19:45,St Mirren,Hibernian,2,2,D,2.58,3.31,2.73
2024/2025,Scottish Premiership,14/05/2025,20:00,Aberdeen,Celtic,1,5,A,3.54,3.71,1.98
2024/2025,Scottish Premiership,17/05/2025,12:30,Celtic,St Mirren,1,1,D,1.22,6.93,10.9
2024/2025,Scottish Premiership,17/05/2025,12:30,Dundee United,Aberdeen,2,1,H,2.57,3.52,2.59
2024/2025,Scottish Premiership,17/05/2025,12:30,Hibernian,Rangers,2,2,D,3.41,4.1,1.91
2024/2025,Scottish Premiership,18/05/2025,15:00,Kilmarnock,Hearts,0,1,A,2.41,3.41,2.86
2024/2025,Scottish Premiership,18/05/2025,15:00,Ross County,Motherwell,1,1,D,1.83,3.76,4.08
2024/2025,Scottish Premiership,18/05/2025,15:00,St Johnstone,Dundee,0,2,A,3.4,3.66,2.04
2025/2026,Scottish Premiership,02/08/2025,15:00,Kilmarnock,Livingston,2,2,D,2.26,3.35,3.1
2025/2026,Scottish Premiership,02/08/2025,17:30,Motherwell,Rangers,1,1,D,5.77,4.45,1.5
2025/2026,Scottish Premiership,03/08/2025,14:00,Falkirk,Dundee United,2,2,D,1.8,3.63,4.2
2025/2026,Scottish Premiership,03/08/2025,15:00,Dundee,Hibernian,1,2,A,3.96,3.61,1.86
2025/2026,Scottish Premiership,03/08/2025,16:30,Celtic,St Mirren,1,0,H,1.12,8.84,17.75
2025/2026,Scottish Premiership,04/08/2025,20:00,Hearts,Aberdeen,2,0,H,1.78,3.56,4.44
2025/2026,Scottish Premiership,09/08/2025,15:00,Livingston,Falkirk,3,1,H,2.54,3.32,2.68
2025/2026,Scottish Premiership,09/08/2025,15:00,St Mirren,Motherwell,0,0,D,1.95,3.53,3.65
2025/2026,Scottish Premiership,09/08/2025,17:45,Rangers,Dundee,1,1,D,1.12,8.75,18.03
2025/2026,Scottish Premiership,10/08/2025,12:30,Aberdeen,Celtic,0,2,A,8.08,5.54,1.31
2025/2026,Scottish Premiership,10/08/2025,15:00,Dundee United,Hearts,2,3,A,4.23,3.55,1.82
2025/2026,Scottish Premiership,10/08/2025,15:00,Hibernian,Kilmarnock,2,2,D,1.5,4.23,6.1
2025/2026,Scottish Premiership,23/08/2025,15:00,Celtic,Livingston,3,0,H,1.21,6.45,11.72
2025/2026,Scottish Premiership,23/08/2025,15:00,Hearts,Motherwell,3,3,D,1.64,3.86,5.03
2025/2026,Scottish Premiership,23/08/2025,15:00,Kilmarnock,Dundee,0,0,D,1.88,3.51,3.96
2025/2026,Scottish Premiership,24/08/2025,12:00,St Mirren,Rangers,1,1,D,3.52,3.72,1.94
2025/2026,Scottish Premiership,30/08/2025,15:00,Livingston,Hearts,1,2,A,3.63,3.44,1.99
2025/2026,Scottish Premiership,30/08/2025,15:00,Motherwell,Kilmarnock,2,2,D,1.9,3.49,3.88
2025/2026,Scottish Premiership,31/08/2025,12:00,Rangers,Celtic,0,0,D,4.1,3.95,1.75
2025/2026,Scottish Premiership,31/08/2025,14:00,Dundee,Dundee United,0,2,A,2.81,3.24,2.48
2025/2026,Scottish Premiership,31/08/2025,15:00,Aberdeen,Falkirk,0,1,A,2.15,3.49,3.16
2025/2026,Scottish Premiership,31/08/2025,15:00,Hibernian,St Mirren,1,1,D,1.91,3.52,3.83
2025/2026,Scottish Premiership,13/09/2025,15:00,Aberdeen,Livingston,0,0,D,1.8,3.66,4.17
2025/2026,Scottish Premiership,13/09/2025,15:00,Dundee,Motherwell,1,1,D,3.24,3.47,2.14
2025/2026,Scottish Premiership,13/09/2025,15:00,Falkirk,St Mirren,1,2,A,2.25,3.43,3.04
2025/2026,Scottish Premiership,13/09/2025,15:00,Rangers,Hearts,0,2,A,1.75,3.97,4.14
2025/2026,Scottish Premiership,13/09/2025,17:45,Hibernian,Dundee United,3,3,D,1.69,3.84,4.67
2025/2026,Scottish Premiership,14/09/2025,15:00,Kilmarnock,Celtic,1,2,A,10.35,5.74,1.26
2025/2026,Scottish Premiership,20/09/2025,15:00,Dundee,Livingston,3,2,H,2.92,3.24,2.39
2025/2026,Scottish Premiership,23/09/2025,19:45,Dundee United,Aberdeen,2,0,H,2.46,3.29,2.8
2025/2026,Scottish Premiership,23/09/2025,19:45,Falkirk,Hibernian,2,2,D,2.9,3.48,2.29
2025/2026,Scottish Premiership,27/09/2025,15:00,Celtic,Hibernian,0,0,D,1.32,5.4,7.97
2025/2026,Scottish Premiership,27/09/2025,15:00,Dundee United,Kilmarnock,0,2,A,1.82,3.68,4.05
2025/2026,Scottish Premiership,27/09/2025,15:00,Hearts,Falkirk,3,0,H,1.49,4.39,5.9
2025/2026,Scottish Premiership,27/09/2025,15:00,St Mirren,Dundee,1,0,H,1.56,4.05,5.47
2025/2026,Scottish Premiership,27/09/2025,17:45,Motherwell,Aberdeen,2,0,H,2.05,3.6,3.3
2025/2026,Scottish Premiership,28/09/2025,15:00,Livingston,Rangers,1,2,A,5.67,4.27,1.52
2025/2026,Scottish Premiership,04/10/2025,15:00,Dundee United,Livingston,1,1,D,1.77,3.7,4.26
2025/2026,Scottish Premiership,04/10/2025,15:00,Kilmarnock,St Mirren,2,0,H,2.72,3.26,2.54
2025/2026,Scottish Premiership,04/10/2025,17:45,Hearts,Hibernian,1,0,H,1.82,3.65,4.08
2025/2026,Scottish Premiership,05/10/2025,15:00,Aberdeen,Dundee,4,0,H,1.56,4.05,5.56
2025/2026,Scottish Premiership,05/10/2025,15:00,Celtic,Motherwell,3,2,H,1.19,6.99,11.72
2025/2026,Scottish Premiership,05/10/2025,15:00,Falkirk,Rangers,1,1,D,4.73,4.2,1.62
2025/2026,Scottish Premiership,18/10/2025,15:00,Hibernian,Livingston,4,0,H,1.52,4.25,5.68
2025/2026,Scottish Premiership,18/10/2025,15:00,Motherwell,Falkirk,1,2,A,1.84,3.78,3.85
2025/2026,Scottish Premiership,18/10/2025,15:00,Rangers,Dundee United,2,2,D,1.38,5.02,6.88
2025/2026,Scottish Premiership,18/10/2025,15:00,St Mirren,Aberdeen,0,1,A,2.36,3.27,2.95
2025/2026,Scottish Premiership,18/10/2025,17:45,Kilmarnock,Hearts,0,3,A,4.31,3.59,1.79
2025/2026,Scottish Premiership,19/10/2025,12:00,Dundee,Celtic,2,0,H,13.25,7.16,1.17
2025/2026,Scottish Premiership,25/10/2025,15:00,Dundee United,St Mirren,3,1,H,2.26,3.42,3.03
2025/2026,Scottish Premiership,25/10/2025,15:00,Falkirk,Dundee,2,1,H,1.86,3.68,3.88
2025/2026,Scottish Premiership,25/10/2025,15:00,Livingston,Motherwell,1,2,A,3.1,3.45,2.2
2025/2026,Scottish Premiership,26/10/2025,12:00,Hearts,Celtic,3,1,H,3.06,3.59,2.16
2025/2026,Scottish Premiership,26/10/2025,14:30,Aberdeen,Hibernian,1,2,A,2.67,3.35,2.53
2025/2026,Scottish Premiership,26/10/2025,15:00,Rangers,Kilmarnock,3,1,H,1.31,5.33,8.73
2025/2026,Scottish Premiership,29/10/2025,19:45,Celtic,Falkirk,4,0,H,1.17,7.45,13.13
2025/2026,Scottish Premiership,29/10/2025,19:45,Hibernian,Rangers,0,1,A,2.66,3.55,2.44
2025/2026,Scottish Premiership,29/10/2025,19:45,Kilmarnock,Aberdeen,0,1,A,2.68,3.31,2.55
2025/2026,Scottish Premiership,29/10/2025,19:45,Motherwell,Dundee United,2,0,H,2.02,3.64,3.29
2025/2026,Scottish Premiership,29/10/2025,19:45,St Mirren,Hearts,2,2,D,3.72,3.53,1.94
2025/2026,Scottish Premiership,01/11/2025,15:00,Falkirk,Kilmarnock,3,1,H,2.03,3.51,3.43
2025/2026,Scottish Premiership,01/11/2025,15:00,Hearts,Dundee,4,0,H,1.24,5.73,11.28
2025/2026,Scottish Premiership,01/11/2025,15:00,Livingston,Hibernian,2,2,D,3.51,3.5,2.01
2025/2026,Scottish Premiership,08/11/2025,15:00,Falkirk,Livingston,1,1,D,1.96,3.55,3.63
2025/2026,Scottish Premiership,08/11/2025,17:45,St Mirren,Hibernian,0,3,A,2.66,3.31,2.57
2025/2026,Scottish Premiership,09/11/2025,15:00,Aberdeen,Motherwell,1,1,D,2.35,3.49,2.82
2025/2026,Scottish Premiership,09/11/2025,15:00,Dundee,Rangers,0,3,A,6.86,4.56,1.42
2025/2026,Scottish Premiership,09/11/2025,15:00,Hearts,Dundee United,1,1,D,1.34,5.2,7.9
2025/2026,Scottish Premiership,09/11/2025,16:00,Celtic,Kilmarnock,4,0,H,1.14,8.03,15.94
2025/2026,Scottish Premiership,22/11/2025,15:00,Dundee United,Falkirk,0,3,A,1.99,3.58,3.5
2025/2026,Scottish Premiership,22/11/2025,15:00,Hibernian,Dundee,2,0,H,1.35,4.87,8.25
2025/2026,Scottish Premiership,22/11/2025,15:00,Kilmarnock,Motherwell,1,3,A,3.32,3.35,2.13
2025/2026,Scottish Premiership,22/11/2025,15:00,Rangers,Livingston,2,1,H,1.27,5.58,9.72
2025/2026,Scottish Premiership,22/11/2025,20:00,St Mirren,Celtic,0,1,A,6.6,4.71,1.42
2025/2026,Scottish Premiership,23/11/2025,15:00,Aberdeen,Hearts,1,0,H,3.63,3.46,1.99
2025/2026,Scottish Premiership,25/11/2025,19:45,Motherwell,Hibernian,2,0,H,3.02,3.37,2.27
2025/2026,Scottish Premiership,29/11/2025,15:00,Dundee,St Mirren,3,1,H,3.41,3.31,2.11
2025/2026,Scottish Premiership,29/11/2025,15:00,Motherwell,Hearts,0,0,D,3.26,3.28,2.19
2025/2026,Scottish Premiership,29/11/2025,17:45,Kilmarnock,Dundee United,1,1,D,2.42,3.28,2.85
2025/2026,Scottish Premiership,30/11/2025,12:00,Hibernian,Celtic,1,2,A,4.04,3.77,1.79
2025/2026,Scottish Premiership,30/11/2025,14:00,Rangers,Falkirk,0,0,D,1.5,4.4,5.8
2025/2026,Scottish Premiership,30/11/2025,15:00,Livingston,Aberdeen,0,1,A,2.57,3.27,2.68
2025/2026,Scottish Premiership,03/12/2025,19:45,Aberdeen,St Mirren,3,3,D,2.25,3.22,3.19
2025/2026,Scottish Premiership,03/12/2025,19:45,Celtic,Dundee,1,0,H,1.11,8.79,17.88
2025/2026,Scottish Premiership,03/12/2025,19:45,Dundee United,Rangers,2,2,D,3.55,3.52,1.99
2025/2026,Scottish Premiership,03/12/2025,19:45,Falkirk,Motherwell,0,0,D,3.22,3.34,2.18
2025/2026,Scottish Premiership,03/12/2025,19:45,Hearts,Kilmarnock,1,1,D,1.28,5.27,10.36
2025/2026,Scottish Premiership,06/12/2025,15:00,Dundee,Aberdeen,1,3,A,3.41,3.25,2.15
2025/2026,Scottish Premiership,06/12/2025,15:00,Hibernian,Falkirk,3,0,H,1.69,3.78,4.79
2025/2026,Scottish Premiership,06/12/2025,15:00,Motherwell,Livingston,3,0,H,1.69,3.8,4.66
2025/2026,Scottish Premiership,06/12/2025,15:00,St Mirren,Dundee United,2,0,H,1.82,3.6,4.18
2025/2026,Scottish Premiership,06/12/2025,20:00,Kilmarnock,Rangers,0,3,A,4.54,3.86,1.69
2025/2026,Scottish Premiership,07/12/2025,15:00,Celtic,Hearts,1,2,A,1.55,4.14,5.48
2025/2026,Scottish Premiership,13/12/2025,15:00,Dundee United,Motherwell,0,0,D,3,3.4,2.26
2025/2026,Scottish Premiership,13/12/2025,15:00,Livingston,Dundee,2,2,D,1.81,3.55,4.23
2025/2026,Scottish Premiership,13/12/2025,20:00,Falkirk,Hearts,0,2,A,4.2,3.61,1.8
2025/2026,Scottish Premiership,14/12/2025,15:00,Aberdeen,Kilmarnock,2,1,H,1.68,3.69,4.93
2025/2026,Scottish Premiership,15/12/2025,19:45,Rangers,Hibernian,1,0,H,2.02,3.45,3.47
2025/2026,Scottish Premiership,17/12/2025,20:00,Dundee United,Celtic,2,1,H,5.88,4.48,1.48
2025/2026,Scottish Premiership,20/12/2025,15:00,Dundee United,Hibernian,1,1,D,3.17,3.41,2.17
2025/2026,Scottish Premiership,20/12/2025,15:00,Kilmarnock,Falkirk,0,1,A,2.43,3.26,2.85
2025/2026,Scottish Premiership,20/12/2025,15:00,Motherwell,Dundee,1,0,H,1.34,4.87,8.45
2025/2026,Scottish Premiership,20/12/2025,15:00,St Mirren,Livingston,1,0,H,1.85,3.48,4.19
2025/2026,Scottish Premiership,21/12/2025,13:30,Hearts,Rangers,2,1,H,2.1,3.36,3.38
2025/2026,Scottish Premiership,21/12/2025,15:00,Celtic,Aberdeen,3,1,H,1.34,5.34,7.31
2025/2026,Scottish Premiership,27/12/2025,12:30,Hibernian,Hearts,3,2,H,2.65,3.03,2.29
2025/2026,Scottish Premiership,27/12/2025,15:00,Dundee,Falkirk,1,0,H,3.38,3.13,2.2
2025/2026,Scottish Premiership,27/12/2025,15:00,Livingston,Celtic,2,4,A,7.03,4.83,1.38
2025/2026,Scottish Premiership,27/12/2025,15:00,Rangers,Motherwell,1,0,H,1.75,3.65,4.38
2025/2026,Scottish Premiership,27/12/2025,15:00,St Mirren,Kilmarnock,0,0,D,1.62,3.72,5.31
2025/2026,Scottish Premiership,27/12/2025,17:45,Aberdeen,Dundee United,1,1,D,1.76,3.72,4.23
2025/2026,Scottish Premiership,30/12/2025,19:45,Dundee,Kilmarnock,2,1,H,2.81,3.05,2.59
2025/2026,Scottish Premiership,30/12/2025,19:45,Hibernian,Aberdeen,2,0,H,1.83,3.66,4.03
2025/2026,Scottish Premiership,30/12/2025,19:45,Livingston,Dundee United,1,3,A,2.25,3.3,3.11
2025/2026,Scottish Premiership,30/12/2025,19:45,Rangers,St Mirren,2,1,H,1.56,4.08,5.5
2025/2026,Scottish Premiership,30/12/2025,20:00,Motherwell,Celtic,2,0,H,4.85,4.04,1.63
2025/2026,Scottish Premiership,03/01/2026,12:30,Celtic,Rangers,1,3,A,1.69,4.11,4.34
2025/2026,Scottish Premiership,03/01/2026,15:00,Dundee United,Dundee,0,1,A,1.66,3.81,4.8
2025/2026,Scottish Premiership,03/01/2026,15:00,Falkirk,Aberdeen,1,0,H,2.21,3.36,3.12
2025/2026,Scottish Premiership,03/01/2026,15:00,Hearts,Livingston,1,0,H,1.23,5.85,11.88
2025/2026,Scottish Premiership,03/01/2026,15:00,Kilmarnock,Hibernian,1,3,A,4.02,3.47,1.87
2025/2026,Scottish Premiership,03/01/2026,15:00,Motherwell,St Mirren,2,0,H,1.91,3.36,4.05
2025/2026,Scottish Premiership,06/01/2026,20:00,Rangers,Aberdeen,2,0,H,1.34,4.97,8.35
2025/2026,Scottish Premiership,10/01/2026,15:00,Celtic,Dundee United,4,0,H,1.22,6.5,10.83
2025/2026,Scottish Premiership,10/01/2026,15:00,Hibernian,Motherwell,1,1,D,2.02,3.35,3.63
2025/2026,Scottish Premiership,10/01/2026,15:00,Livingston,Kilmarnock,1,1,D,2.23,3.2,3.22
2025/2026,Scottish Premiership,10/01/2026,15:00,St Mirren,Falkirk,0,2,A,2.12,3.25,3.44
2025/2026,Scottish Premiership,11/01/2026,14:00,Dundee,Hearts,0,1,A,6.05,4.1,1.52
2025/2026,Scottish Premiership,11/01/2026,16:30,Aberdeen,Rangers,0,2,A,4.2,3.66,1.79
2025/2026,Scottish Premiership,14/01/2026,19:45,Falkirk,Celtic,0,1,A,6.15,4.48,1.47
2025/2026,Scottish Premiership,14/01/2026,19:45,Hearts,St Mirren,2,0,H,1.44,4.35,6.83
2025/2026,Scottish Premiership,20/01/2026,19:45,Livingston,St Mirren,1,1,D,2.88,3.13,2.46
2025/2026,Scottish Premiership,24/01/2026,15:00,Aberdeen,Livingston,6,2,H,1.76,3.69,4.34
2025/2026,Scottish Premiership,24/01/2026,15:00,Falkirk,Hibernian,4,1,H,2.68,3.19,2.6
2025/2026,Scottish Premiership,24/01/2026,15:00,Motherwell,Kilmarnock,4,0,H,1.49,4.03,6.56
2025/2026,Scottish Premiership,25/01/2026,15:00,Hearts,Celtic,2,2,D,3.09,3.38,2.21
2025/2026,Scottish Premiership,25/01/2026,15:00,Rangers,Dundee,3,0,H,1.27,5.44,9.91
2025/2026,Scottish Premiership,31/01/2026,15:00,Kilmarnock,Aberdeen,3,0,H,2.96,3.36,2.31
2025/2026,Scottish Premiership,31/01/2026,15:00,Livingston,Motherwell,0,2,A,4.02,3.63,1.83
2025/2026,Scottish Premiership,31/01/2026,15:00,St Mirren,Dundee,0,0,D,1.81,3.45,4.42
2025/2026,Scottish Premiership,31/01/2026,20:00,Dundee United,Hearts,0,3,A,4.58,3.62,1.73
2025/2026,Scottish Premiership,01/02/2026,14:00,Hibernian,Rangers,0,0,D,3.68,3.53,1.94
2025/2026,Scottish Premiership,01/02/2026,15:00,Celtic,Falkirk,2,0,H,1.36,4.92,7.51
2025/2026,Scottish Premiership,03/02/2026,20:00,St Mirren,Hearts,1,0,H,4.06,3.19,1.95
2025/2026,Scottish Premiership,04/02/2026,19:45,Hibernian,Dundee United,3,2,H,1.55,3.97,5.61
2025/2026,Scottish Premiership,04/02/2026,19:45,Livingston,Falkirk,1,2,A,3.92,3.48,1.89
2025/2026,Scottish Premiership,04/02/2026,19:45,Rangers,Kilmarnock,5,1,H,1.23,5.8,11.35
2025/2026,Scottish Premiership,10/02/2026,20:00,Hearts,Hibernian,1,0,H,1.74,3.56,4.62
2025/2026,Scottish Premiership,11/02/2026,19:45,Celtic,Livingston,2,1,H,1.1,8.93,18.81
2025/2026,Scottish Premiership,11/02/2026,19:45,Falkirk,Dundee,1,0,H,1.81,3.47,4.31
2025/2026,Scottish Premiership,11/02/2026,19:45,Kilmarnock,St Mirren,4,3,H,3.05,3.24,2.31
2025/2026,Scottish Premiership,11/02/2026,20:00,Motherwell,Rangers,1,1,D,2.85,3.33,2.37
2025/2026,Scottish Premiership,14/02/2026,15:00,Dundee,Livingston,2,2,D,1.78,3.63,4.26
2025/2026,Scottish Premiership,14/02/2026,15:00,Falkirk,Dundee United,2,3,A,1.76,3.64,4.41
2025/2026,Scottish Premiership,14/02/2026,15:00,Hibernian,St Mirren,2,0,H,1.88,3.5,3.92
2025/2026,Scottish Premiership,15/02/2026,14:00,Kilmarnock,Celtic,2,3,A,7.41,5.08,1.35
2025/2026,Scottish Premiership,15/02/2026,14:30,Motherwell,Aberdeen,2,0,H,1.56,4.1,5.34
2025/2026,Scottish Premiership,15/02/2026,16:30,Rangers,Hearts,4,2,H,1.86,3.58,3.93
2025/2026,Scottish Premiership,21/02/2026,15:00,Aberdeen,Dundee,2,3,A,1.95,3.5,3.68
2025/2026,Scottish Premiership,21/02/2026,15:00,Dundee United,Kilmarnock,1,1,D,1.93,3.56,3.7
2025/2026,Scottish Premiership,21/02/2026,15:00,Hearts,Falkirk,1,0,H,1.75,3.55,4.56
2025/2026,Scottish Premiership,21/02/2026,19:30,St Mirren,Motherwell,0,5,A,3.12,3.24,2.27
2025/2026,Scottish Premiership,22/02/2026,15:00,Celtic,Hibernian,1,2,A,1.42,4.62,6.58
2025/2026,Scottish Premiership,22/02/2026,15:00,Livingston,Rangers,2,2,D,8.72,5.31,1.3
2025/2026,Scottish Premiership,24/02/2026,19:45,Dundee United,Aberdeen,0,0,D,2.09,3.38,3.34
2025/2026,Scottish Premiership,28/02/2026,15:00,Dundee,Hibernian,3,3,D,3.18,3.39,2.16
2025/2026,Scottish Premiership,28/02/2026,15:00,Falkirk,Kilmarnock,5,1,H,1.64,3.9,4.87
2025/2026,Scottish Premiership,28/02/2026,15:00,Hearts,Aberdeen,1,0,H,1.41,4.49,7.13
2025/2026,Scottish Premiership,28/02/2026,15:00,Livingston,St Mirren,1,1,D,3.34,3.43,2.07
2025/2026,Scottish Premiership,28/02/2026,15:00,Motherwell,Dundee United,2,0,H,1.35,4.81,8.19
2025/2026,Scottish Premiership,01/03/2026,12:00,Rangers,Celtic,2,2,D,2.08,3.64,3.13
2025/2026,Scottish Premiership,03/03/2026,19:45,Dundee United,St Mirren,2,1,H,2.49,3.11,2.86
2025/2026,Scottish Premiership,04/03/2026,20:00,Aberdeen,Celtic,1,2,A,4.9,4.21,1.58
2025/2026,Scottish Premiership,07/03/2026,15:00,Dundee,Motherwell,2,1,H,4.16,3.57,1.82
2025/2026,Scottish Premiership,14/03/2026,15:00,Aberdeen,Falkirk,1,1,D,2.83,3.32,2.39
2025/2026,Scottish Premiership,14/03/2026,15:00,Celtic,Motherwell,3,1,H,1.65,4.04,4.51
2025/2026,Scottish Premiership,14/03/2026,15:00,Hibernian,Livingston,0,0,D,1.38,4.68,7.28
2025/2026,Scottish Premiership,14/03/2026,20:00,Kilmarnock,Hearts,1,0,H,4.41,3.9,1.7
2025/2026,Scottish Premiership,15/03/2026,12:00,St Mirren,Rangers,0,1,A,6.16,4.36,1.46
2025/2026,Scottish Premiership,15/03/2026,14:00,Dundee,Dundee United,2,2,D,2.42,3.27,2.82
2025/2026,Scottish Premiership,21/03/2026,15:00,Falkirk,St Mirren,1,2,A,1.75,3.62,4.47
2025/2026,Scottish Premiership,21/03/2026,15:00,Hearts,Dundee,1,0,H,1.37,4.66,7.55
2025/2026,Scottish Premiership,21/03/2026,15:00,Kilmarnock,Livingston,2,0,H,1.79,3.69,4.1
2025/2026,Scottish Premiership,21/03/2026,15:00,Motherwell,Hibernian,0,0,D,1.93,3.48,3.75
2025/2026,Scottish Premiership,21/03/2026,17:45,Rangers,Aberdeen,4,1,H,1.18,6.57,13.54
2025/2026,Scottish Premiership,22/03/2026,12:30,Dundee United,Celtic,2,0,H,5.13,4.53,1.52
2025/2026,Scottish Premiership,04/04/2026,15:00,Hibernian,Kilmarnock,3,0,H,1.54,4.03,5.8
2025/2026,Scottish Premiership,04/04/2026,15:00,Motherwell,Falkirk,2,3,A,1.91,3.47,3.84
2025/2026,Scottish Premiership,04/04/2026,15:00,Rangers,Dundee United,4,2,H,1.3,5.31,8.66
2025/2026,Scottish Premiership,04/04/2026,15:00,St Mirren,Aberdeen,2,0,H,1.95,3.44,3.7
2025/2026,Scottish Premiership,05/04/2026,14:00,Livingston,Hearts,2,2,D,6.55,4.31,1.45
2025/2026,Scottish Premiership,05/04/2026,16:30,Dundee,Celtic,1,2,A,5.6,4.36,1.5
2025/2026,Scottish Premiership,11/04/2026,15:00,Aberdeen,Hibernian,2,0,H,3.2,3.38,2.15
2025/2026,Scottish Premiership,11/04/2026,15:00,Celtic,St Mirren,1,0,H,1.27,5.64,9.33
2025/2026,Scottish Premiership,11/04/2026,15:00,Dundee United,Livingston,3,2,H,1.63,3.95,4.83
2025/2026,Scottish Premiership,11/04/2026,15:00,Hearts,Motherwell,3,1,H,1.96,3.4,3.71
2025/2026,Scottish Premiership,11/04/2026,15:00,Kilmarnock,Dundee,2,2,D,2.15,3.4,3.18
2025/2026,Scottish Premiership,12/04/2026,12:00,Falkirk,Rangers,3,6,A,3.88,3.6,1.86
2025/2026,Scottish Premiership,25/04/2026,15:00,Aberdeen,Kilmarnock,1,0,H,1.92,3.54,3.69
2025/2026,Scottish Premiership,25/04/2026,15:00,St Mirren,Livingston,0,2,A,1.64,3.85,4.85
2025/2026,Scottish Premiership,25/04/2026,17:30,Celtic,Falkirk,3,1,H,1.25,5.9,9.23
2025/2026,Scottish Premiership,26/04/2026,14:00,Dundee United,Dundee,3,0,H,2.07,3.49,3.31
2025/2026,Scottish Premiership,26/04/2026,15:00,Rangers,Motherwell,2,3,A,1.6,4.09,4.99
2025/2026,Scottish Premiership,26/04/2026,16:30,Hibernian,Hearts,1,2,A,2.67,3.29,2.53
2025/2026,Scottish Premiership,01/05/2026,19:45,Livingston,Aberdeen,2,2,D,2.78,3.38,2.4
2025/2026,Scottish Premiership,02/05/2026,15:00,Dundee,St Mirren,1,0,H,2.28,3.27,3.04
2025/2026,Scottish Premiership,02/05/2026,15:00,Falkirk,Motherwell,1,0,H,2.78,3.46,2.35
2025/2026,Scottish Premiership,02/05/2026,15:00,Kilmarnock,Dundee United,3,0,H,2.2,3.48,3.01
2025/2026,Scottish Premiership,03/05/2026,12:00,Hibernian,Celtic,1,2,A,5.11,4.42,1.52
2025/2026,Scottish Premiership,04/05/2026,17:30,Hearts,Rangers,2,1,H,2.83,3.5,2.3
2025/2026,Scottish Premiership,09/05/2026,15:00,Aberdeen,Dundee United,2,0,H,2.11,3.41,3.26
2025/2026,Scottish Premiership,09/05/2026,15:00,Dundee,Livingston,3,0,H,1.77,3.74,4.16
2025/2026,Scottish Premiership,09/05/2026,15:00,Falkirk,Hibernian,1,3,A,2.07,3.44,3.32
2025/2026,Scottish Premiership,09/05/2026,15:00,St Mirren,Kilmarnock,0,3,A,2,3.39,3.59
2025/2026,Scottish Premiership,09/05/2026,20:00,Motherwell,Hearts,1,1,D,2.81,3.37,2.38
2025/2026,Scottish Premiership,10/05/2026,12:00,Celtic,Rangers,3,1,H,1.81,3.92,3.76
2025/2026,Scottish Premiership,12/05/2026,19:45,Aberdeen,St Mirren,0,2,A,2.2,3.38,3.1
2025/2026,Scottish Premiership,12/05/2026,19:45,Dundee United,Livingston,0,0,D,1.68,4.03,4.41
2025/2026,Scottish Premiership,12/05/2026,19:45,Kilmarnock,Dundee,3,1,H,1.56,4.19,5.17
2025/2026,Scottish Premiership,13/05/2026,20:00,Hearts,Falkirk,3,0,H,1.38,4.71,7.27
2025/2026,Scottish Premiership,13/05/2026,20:00,Motherwell,Celtic,2,3,A,4.64,4.28,1.6
2025/2026,Scottish Premiership,13/05/2026,20:00,Rangers,Hibernian,1,2,A,1.52,4.31,5.43
2025/2026,Scottish Premiership,16/05/2026,12:30,Celtic,Hearts,3,1,H,1.55,4.98,20.28
2025/2026,Scottish Premiership,16/05/2026,12:30,Falkirk,Rangers,2,5,A,4.4,4.11,1.66
2025/2026,Scottish Premiership,16/05/2026,12:30,Hibernian,Motherwell,0,1,A,2.09,3.5,3.21
2025/2026,Scottish Premiership,17/05/2026,14:00,Dundee,Aberdeen,3,2,H,2.52,3.26,2.71
2025/2026,Scottish Premiership,17/05/2026,14:00,Livingston,Kilmarnock,1,4,A,2.61,3.55,2.45
2025/2026,Scottish Premiership,17/05/2026,14:00,St Mirren,Dundee United,1,1,D,2.25,3.53,2.87
